Id,Label,timeset,Degree,Weighted Degree,Eccentricity,closnesscentrality,harmonicclosnesscentrality,betweenesscentrality,modularity_class,pageranks,componentnumber,clustering,triangles
ukpolitics,ukpolitics,,112,1437,4,0.405133,0.433836,34673.48194,2,0.001757,0,0.211873,1317
technology,technology,,307,5017,3,0.450915,0.495182,146308.358821,2,0.004517,0,0.100126,4703
StallmanWasRight,StallmanWasRight,,124,1489,4,0.405183,0.434861,21783.872635,2,0.00173,0,0.234199,1786
restorethefourth,restorethefourth,,78,1127,4,0.399214,0.424226,3319.937891,2,0.001019,0,0.395604,1188
Techfeed,Techfeed,,106,1100,3,0.398823,0.426302,16223.024865,2,0.001498,0,0.196047,1091
bprogramming,bprogramming,,343,4107,3,0.438157,0.48811,210759.016725,2,0.005781,0,0.050449,2959
AntiFANG,AntiFANG,,82,881,4,0.393943,0.418819,13163.225356,2,0.001167,0,0.246612,819
privatelife,privatelife,,100,1054,4,0.392706,0.419332,34337.873058,2,0.001648,0,0.175152,867
snowden,snowden,,157,2222,3,0.421134,0.45367,22043.716502,2,0.002026,0,0.247428,3030
DailyTechNewsShow,DailyTechNewsShow,,153,1822,4,0.414426,0.447007,52258.936694,2,0.002398,0,0.149467,1738
AntiAmazon,AntiAmazon,,57,673,4,0.382228,0.403572,18202.186514,2,0.000952,0,0.286967,458
hackernews,hackernews,,258,4575,3,0.444566,0.484881,81900.730062,2,0.003565,0,0.143999,4774
theworldnews,theworldnews,,239,4090,3,0.448552,0.486265,52427.66984,2,0.003075,0,0.191343,5442
RideHome,RideHome,,111,1155,4,0.3949,0.422817,18946.189055,2,0.001591,0,0.187879,1147
Cyberpunk,Cyberpunk,,95,1075,4,0.395669,0.422509,39548.811632,2,0.001716,0,0.199552,891
media,media,,71,847,4,0.392517,0.416154,1109.969715,2,0.000864,0,0.414085,1029
news,news,,279,5038,3,0.459257,0.499026,80841.153302,2,0.003645,0,0.145587,5646
antigoogle,antigoogle,,107,1366,4,0.394948,0.422535,23561.981599,2,0.001607,0,0.226768,1286
technews,technews,,127,1397,4,0.400789,0.430658,20843.822213,2,0.001793,0,0.202475,1620
cybersecurity,cybersecurity,,44,458,4,0.379065,0.398319,8883.588383,2,0.000699,0,0.335095,317
devopsish,devopsish,,72,826,4,0.386729,0.409902,28781.666668,2,0.00127,0,0.265649,679
realtech,realtech,,141,2358,4,0.412376,0.443778,14449.353919,2,0.001841,0,0.230193,2272
1984,1984,,3,22,4,0.3457,0.354987,0.020492,2,0.000079,0,0.666667,2
worldnews,worldnews,,385,6151,3,0.454444,0.506048,212820.792149,2,0.006057,0,0.076475,5653
europe,europe,,170,2459,4,0.426212,0.460127,55296.433272,2,0.002604,0,0.214549,3082
DivineRightOfKings,DivineRightOfKings,,41,287,4,0.383943,0.404136,534.760637,2,0.000528,0,0.447561,367
SkydTech,SkydTech,,79,857,4,0.392801,0.417282,17123.310961,2,0.001189,0,0.255112,786
CashApps,CashApps,,85,1057,4,0.393562,0.419024,10002.942028,2,0.001169,0,0.27479,981
AntiFacebook,AntiFacebook,,102,1057,4,0.394277,0.421228,19974.313166,2,0.001458,0,0.241507,1244
google,google,,47,474,4,0.377262,0.397448,4465.604143,2,0.000695,0,0.285846,309
tech,tech,,106,1064,4,0.398676,0.426302,11393.53558,2,0.001463,0,0.228931,1274
Stuff,Stuff,,55,590,4,0.383084,0.40493,12464.628594,2,0.000888,0,0.251178,373
privacytoolsIO,privacytoolsIO,,87,982,4,0.393991,0.41946,9483.004394,2,0.001214,0,0.251002,939
cyber,cyber,,128,1745,4,0.403775,0.433836,19285.985521,2,0.001708,0,0.277559,2256
NSALeaks,NSALeaks,,90,1069,3,0.399067,0.424918,7090.157194,2,0.00118,0,0.329588,1320
unitedkingdom,unitedkingdom,,127,1737,4,0.407366,0.437372,34079.708926,2,0.001903,0,0.212723,1702
apple,apple,,71,727,4,0.382904,0.406186,43660.945043,2,0.001549,0,0.156137,388
netpolitics,netpolitics,,63,774,4,0.391618,0.414437,11359.79003,2,0.000942,0,0.31746,620
offbeat,offbeat,,118,1161,4,0.401978,0.430966,10738.362414,2,0.001534,0,0.297407,2053
CryptoCurrency,CryptoCurrency,,60,555,4,0.387558,0.410286,24405.753977,2,0.001148,0,0.251412,445
Bitcoin,Bitcoin,,91,1241,4,0.4,0.426456,28432.996158,2,0.001502,0,0.256654,1051
nottheonion,nottheonion,,147,1477,4,0.402077,0.434041,28880.672751,2,0.002069,0,0.198211,2127
btc,btc,,42,533,4,0.370767,0.389094,25086.699644,2,0.00106,0,0.166086,143
the_bitcoin_party,the_bitcoin_party,,70,967,4,0.382633,0.405315,35614.48436,2,0.001432,0,0.198344,479
BitcoinAll,BitcoinAll,,102,1531,4,0.386269,0.413233,145003.733561,2,0.003752,0,0.083091,428
YourselfYou,YourselfYou,,81,864,4,0.396247,0.421382,15748.996647,2,0.001177,0,0.306173,992
TestYourBeepBoop,TestYourBeepBoop,,137,1900,4,0.407621,0.438653,58205.921085,2,0.002304,0,0.185917,1732
Superstonk,Superstonk,,42,467,4,0.372594,0.39058,40104.604265,2,0.001158,0,0.175377,151
conspiracy,conspiracy,,346,10017,3,0.479363,0.521115,113886.946234,2,0.004313,0,0.147793,8821
politics,politics,,368,9347,3,0.46637,0.513684,194596.904463,2,0.005177,0,0.085179,5752
Denver,Denver,,21,217,4,0.366629,0.381099,12019.360494,2,0.000529,0,0.180952,38
ColoradoPolitics,ColoradoPolitics,,43,638,4,0.368875,0.386608,20638.695079,2,0.000791,0,0.285714,258
ModerationLog,ModerationLog,,104,1526,4,0.400789,0.428224,28541.721886,2,0.001638,0,0.163742,877
privacy,privacy,,173,3554,4,0.420481,0.454848,33346.647267,2,0.002382,0,0.216696,3224
GaryJohnson,GaryJohnson,,32,446,4,0.364043,0.37951,10829.930355,2,0.000559,0,0.350806,174
ronpaul,ronpaul,,29,400,4,0.368499,0.384507,5838.682255,2,0.000494,0,0.273399,111
2012Elections,2012Elections,,3,21,4,0.315544,0.328234,2.786271,2,0.000084,0,0.333333,1
stimuluscheck,stimuluscheck,,2,16,4,0.326703,0.340303,0.41331,2,0.000069,0,0,0
france,france,,81,707,4,0.404226,0.429505,7327.693803,2,0.001065,0,0.337963,1095
entertainment,entertainment,,17,128,4,0.362704,0.377947,42.925627,2,0.000241,0,0.404412,55
anonymous,anonymous,,52,703,4,0.389042,0.410414,11204.357128,2,0.000819,0,0.352187,467
SOPA,SOPA,,8,141,4,0.343509,0.355269,13.619357,2,0.000145,0,0.285714,8
cyberlaws,cyberlaws,,75,1132,4,0.390349,0.414207,13736.239986,2,0.001107,0,0.298018,827
fringediscussion,fringediscussion,,99,1372,4,0.399263,0.426404,22784.336787,2,0.00151,0,0.226964,1101
LibertyRising,LibertyRising,,58,981,4,0.382273,0.404033,14985.29022,2,0.000935,0,0.275257,455
WTF,WTF,,25,288,4,0.359059,0.375538,389.294842,2,0.000377,0,0.33,99
techsnap,techsnap,,90,1472,4,0.396876,0.422765,28836.293951,2,0.001513,0,0.228964,917
obama,obama,,13,81,4,0.350469,0.364161,42.488258,2,0.000197,0,0.179487,14
business,business,,108,1105,4,0.401779,0.429736,12930.795172,2,0.00144,0,0.318449,1840
EnoughObamaSpam,EnoughObamaSpam,,7,57,4,0.341059,0.353398,8.668774,2,0.00013,0,0.285714,6
thenewsrightnow,thenewsrightnow,,131,1533,4,0.406907,0.437321,16723.791932,2,0.001692,0,0.250851,2136
SCMPauto,SCMPauto,,7,72,4,0.350923,0.364263,34.135088,2,0.000139,0,0.333333,7
dogecoin,dogecoin,,13,105,4,0.349189,0.364442,159.681949,2,0.000249,0,0.435897,34
JustBadNews,JustBadNews,,30,341,4,0.375346,0.394424,506.0147,2,0.000409,0,0.388506,169
NoShitSherlock,NoShitSherlock,,116,1250,4,0.39514,0.423585,2801.134278,2,0.001356,0,0.316942,2114
bubbla,bubbla,,23,170,4,0.370092,0.389504,213.808141,2,0.000319,0,0.363636,92
techcrunch,techcrunch,,12,120,4,0.345994,0.362213,45.148014,2,0.000194,0,0.424242,28
Stand,Stand,,90,1445,4,0.405638,0.431837,15614.238951,2,0.001317,0,0.294132,1178
TheColorIsRed,TheColorIsRed,,7,60,4,0.335292,0.350938,8.380556,2,0.000126,0,0.190476,4
Against_Astroturfing,Against_Astroturfing,,9,69,4,0.339918,0.356755,32.136131,2,0.000155,0,0.166667,6
techolitics,techolitics,,103,1672,4,0.402226,0.42971,23139.628607,2,0.001549,0,0.229773,1207
ReinstateArticle8,ReinstateArticle8,,65,1344,4,0.38765,0.410593,9753.629718,2,0.000953,0,0.297596,619
TheLastBroadcast,TheLastBroadcast,,96,1598,4,0.396827,0.423406,10676.847635,2,0.001303,0,0.295614,1348
znews,znews,,9,62,4,0.326342,0.340278,13.762752,2,0.000155,0,0.305556,11
LessCredibleDefence,LessCredibleDefence,,77,794,4,0.388856,0.413054,46249.997982,2,0.00158,0,0.156186,457
progressbar,progressbar,,73,1353,4,0.396779,0.421151,9084.691949,2,0.001071,0,0.312785,822
seagray,seagray,,143,1775,4,0.408286,0.439934,85042.521163,2,0.002853,0,0.149906,1522
TechPol,TechPol,,56,1118,4,0.389508,0.411337,991.721674,2,0.00073,0,0.449351,692
NSALeaksBot,NSALeaksBot,,48,777,4,0.38004,0.400215,4358.36133,2,0.000668,0,0.421986,476
besteurope,besteurope,,95,1222,4,0.394039,0.420305,14610.107217,2,0.001358,0,0.252856,1129
politicaltech,politicaltech,,94,1359,4,0.398676,0.425302,20526.242248,2,0.001429,0,0.2496,1091
DiggRSS,DiggRSS,,95,1188,4,0.397215,0.423637,14522.575335,2,0.001347,0,0.281523,1257
PoliticalTalk,PoliticalTalk,,59,854,4,0.387143,0.40903,9957.305009,2,0.000847,0,0.398597,682
Newsbeard,Newsbeard,,111,1339,4,0.407774,0.436142,25240.356939,2,0.001684,0,0.228993,1398
CryptoCurrencyClassic,CryptoCurrencyClassic,,9,190,4,0.321694,0.335921,370.573625,2,0.000209,0,0.222222,8
exmuslim,exmuslim,,8,69,4,0.34174,0.357549,281.429186,2,0.000169,0,0.357143,10
fitnesscirclejerk,fitnesscirclejerk,,2,11,5,0.296634,0.309128,0,2,0.000095,0,1,1
SubSimulatorGPT2,SubSimulatorGPT2,,6,145,4,0.33682,0.351579,113.33385,2,0.000142,0,0.4,6
conspiratard,conspiratard,,12,115,4,0.338609,0.35532,425.877501,2,0.000229,0,0.257576,17
pcmasterrace,pcmasterrace,,44,559,4,0.381377,0.402342,6583.821526,2,0.000728,0,0.310782,294
DevUnion,DevUnion,,6,44,4,0.33079,0.346453,15.218931,2,0.000122,0,0.533333,8
programmingcirclejerk,programmingcirclejerk,,5,102,4,0.338081,0.352885,44.401963,2,0.000123,0,0.4,4
coding,coding,,7,48,4,0.336263,0.352117,55.64192,2,0.000147,0,0.333333,7
opensource,opensource,,25,298,4,0.350923,0.369901,433.875327,2,0.000397,0,0.356667,107
Music,Music,,8,49,4,0.353363,0.367851,50.909517,2,0.000152,0,0.5,14
luddite,luddite,,1,7,4,0.304694,0.318753,0,2,0.00006,0,0,0
techgeeks,techgeeks,,171,2096,4,0.414584,0.449006,90671.861383,2,0.003084,0,0.15074,2191
AppleSchadenfreude,AppleSchadenfreude,,2,17,4,0.312662,0.327209,23.116706,2,0.000079,0,0,0
linux,linux,,76,1069,4,0.376912,0.399651,34485.659855,2,0.001635,0,0.134035,382
webdev,webdev,,19,198,4,0.352444,0.370413,422.241717,2,0.000322,0,0.321637,55
firefox,firefox,,37,454,4,0.358347,0.375128,7762.041337,2,0.000678,0,0.225225,150
JamesDamore,JamesDamore,,2,14,4,0.313718,0.328311,0,2,0.000073,0,1,1
netneutrality,netneutrality,,23,295,4,0.368332,0.385481,320.472896,2,0.000337,0,0.339921,86
KeepOurNetFree,KeepOurNetFree,,31,383,4,0.36942,0.388248,671.927325,2,0.000445,0,0.339785,158
GeekToTech,GeekToTech,,22,275,4,0.355099,0.374308,235.404026,2,0.000326,0,0.354978,82
TacoZone,TacoZone,,7,74,4,0.345113,0.359727,10.610345,2,0.000132,0,0.238095,5
TodayTrendNews,TodayTrendNews,,1,5,4,0.304694,0.318753,0,2,0.00006,0,0,0
newsbotbot,newsbotbot,,26,284,4,0.365188,0.383713,179.542393,2,0.00034,0,0.329231,107
BigTech,BigTech,,15,177,4,0.348665,0.36516,93.578362,2,0.000236,0,0.333333,35
DataHoarder,DataHoarder,,11,100,4,0.349978,0.366569,180.206215,2,0.0002,0,0.309091,17
TechnologyAddicted,TechnologyAddicted,,1,12,4,0.304694,0.318753,0,2,0.00006,0,0,0
programming,programming,,40,972,4,0.360372,0.382534,1174.928459,2,0.000594,0,0.307692,240
brave_browser,brave_browser,,5,33,4,0.327361,0.34243,9.297639,2,0.000112,0,0.5,5
assholedesign,assholedesign,,12,119,4,0.34964,0.365749,287.443022,2,0.000222,0,0.378788,25
GGCrypto,GGCrypto,,15,135,4,0.356853,0.374641,387.386616,2,0.000281,0,0.485714,51
LibertarianTech,LibertarianTech,,4,28,4,0.320205,0.335358,8.375082,2,0.000104,0,0.666667,4
slatestarcodex,slatestarcodex,,9,91,4,0.34482,0.360522,22.802704,2,0.000156,0,0.333333,12
VideoGrandpa,VideoGrandpa,,5,39,4,0.329985,0.345326,16.223931,2,0.000113,0,0.3,3
overpopulation,overpopulation,,1,7,4,0.304694,0.318753,0,2,0.00006,0,0,0
neweconomy,neweconomy,,11,72,4,0.359814,0.374974,58.693423,2,0.000178,0,0.345455,19
biology,biology,,5,30,4,0.342028,0.358574,46.660256,2,0.000118,0,0.3,3
linuxmasterrace,linuxmasterrace,,13,177,4,0.35701,0.371131,3328.42164,2,0.000261,0,0.282051,22
browsers,browsers,,5,47,4,0.334671,0.34876,12.009596,2,0.00012,0,0.4,4
wallstreetbets,wallstreetbets,,22,187,4,0.370261,0.388966,498.556372,2,0.000335,0,0.406926,94
europrivacy,europrivacy,,90,1161,4,0.388067,0.413412,38239.947022,2,0.00162,0,0.195755,784
facebook,facebook,,19,253,4,0.358347,0.376281,107.583515,2,0.000283,0,0.380117,65
SurprisingNoOne,SurprisingNoOne,,5,31,4,0.338715,0.353962,1.052919,2,0.000112,0,0.7,7
bag_o_news,bag_o_news,,53,531,4,0.379862,0.400241,30005.261104,2,0.001131,0,0.227141,313
Games,Games,,10,111,4,0.340417,0.357319,129.837997,2,0.000191,0,0.222222,10
hardware,hardware,,16,144,4,0.348254,0.365467,263.814972,2,0.000278,0,0.316667,38
IndiaSpeaks,IndiaSpeaks,,3,19,4,0.323293,0.338663,10.815663,2,0.000086,0,0.333333,1
intel,intel,,1,7,4,0.304694,0.318753,0,2,0.00006,0,0,0
hacking,hacking,,60,577,4,0.383084,0.40511,11462.092351,2,0.000917,0,0.322034,570
ItalyInformatica,ItalyInformatica,,5,36,4,0.339174,0.353936,33.722384,2,0.00012,0,0.4,4
CyberSpaceVN,CyberSpaceVN,,2,17,4,0.312002,0.326389,24.406038,2,0.000079,0,0,0
Verywhen,Verywhen,,1,7,4,0.304694,0.318753,0,2,0.00006,0,0,0
LatexAndLoaf,LatexAndLoaf,,5,58,4,0.327889,0.344737,39.948986,2,0.000117,0,0.3,3
IntellectualDarkWeb,IntellectualDarkWeb,,2,10,4,0.31472,0.329566,2.035332,2,0.000071,0,0,0
india,india,,18,146,4,0.35815,0.375923,140.254408,2,0.000267,0,0.320261,49
UpliftingNews,UpliftingNews,,35,418,4,0.380885,0.401035,1032.968684,2,0.000487,0,0.357983,213
CorpFree,CorpFree,,2,10,4,0.314173,0.328593,0.680537,2,0.000072,0,0,0
jcm4tech,jcm4tech,,7,89,4,0.333026,0.348452,20.207905,2,0.000133,0,0.238095,5
frightfulfive,frightfulfive,,10,79,4,0.341417,0.356396,32.989845,2,0.000169,0,0.355556,16
degoogle,degoogle,,8,103,4,0.332992,0.348734,35.629225,2,0.00015,0,0.285714,8
gafam,gafam,,6,41,4,0.332413,0.348196,10.809265,2,0.000124,0,0.4,6
CryptoCommies,CryptoCommies,,3,17,4,0.321122,0.33605,0.680537,2,0.000088,0,0.666667,2
InformationPolicy,InformationPolicy,,2,11,4,0.318013,0.332949,2.933263,2,0.000072,0,0,0
EconNews,EconNews,,2,12,4,0.315789,0.330002,0,2,0.000072,0,1,1
PeerTube,PeerTube,,2,13,4,0.30998,0.324672,13.071905,2,0.000079,0,0,0
hearthstone,hearthstone,,2,10,4,0.311077,0.325825,1.012019,2,0.000071,0,0,0
Steam,Steam,,3,25,4,0.314507,0.329592,16.704441,2,0.000096,0,0.333333,1
gamedev,gamedev,,5,41,4,0.326736,0.342225,26.756416,2,0.000125,0,0.4,4
soundsaboutright,soundsaboutright,,17,163,4,0.370008,0.386378,92.378467,2,0.000244,0,0.352941,48
adblockvpn,adblockvpn,,7,71,4,0.337905,0.352296,12.078836,2,0.000136,0,0.428571,9
cvnews,cvnews,,4,22,4,0.338011,0.354192,22.980568,2,0.000101,0,0.333333,2
Seattle,Seattle,,8,67,4,0.3521,0.367646,142.748124,2,0.00015,0,0.178571,5
techlatest,techlatest,,2,11,4,0.316189,0.33031,1.478998,2,0.000072,0,0,0
freesoftware,freesoftware,,8,56,4,0.329083,0.345198,46.685985,2,0.000167,0,0.392857,11
Buttcoin,Buttcoin,,13,180,4,0.351226,0.368568,287.701263,2,0.000264,0,0.551282,43
Maxcactus_TrailGuide,Maxcactus_TrailGuide,,10,73,4,0.360972,0.376666,55.499095,2,0.000171,0,0.4,18
amazonprime,amazonprime,,3,28,4,0.317857,0.33259,11.387034,2,0.000085,0,0,0
SeattleWA,SeattleWA,,7,54,4,0.343763,0.359497,168.040779,2,0.000141,0,0.190476,4
WatchdogJournalism,WatchdogJournalism,,1,7,4,0.304694,0.318753,0,2,0.00006,0,0,0
linux_gaming,linux_gaming,,5,105,4,0.326736,0.342225,26.756416,2,0.000125,0,0.4,4
gaming,gaming,,25,303,4,0.370008,0.389094,1115.764802,2,0.000407,0,0.346667,104
MediaSynthesis,MediaSynthesis,,1,5,4,0.304694,0.318753,0,2,0.00006,0,0,0
pcgaming,pcgaming,,10,117,4,0.345921,0.362982,127.374929,2,0.000195,0,0.288889,13
WebJS,WebJS,,1,5,4,0.304694,0.318753,0,2,0.00006,0,0,0
CKsTechNews,CKsTechNews,,39,446,4,0.367665,0.389991,1246.374724,2,0.000579,0,0.34143,253
dataisbeautiful,dataisbeautiful,,11,85,4,0.343436,0.360855,100.929666,2,0.000186,0,0.109091,6
coraxnews,coraxnews,,10,66,4,0.356188,0.372976,35.271375,2,0.000165,0,0.355556,16
DigitalJustice,DigitalJustice,,3,16,4,0.321535,0.336793,3.020576,2,0.000084,0,0.333333,1
space,space,,14,115,4,0.346289,0.364109,339.339734,2,0.00025,0,0.318681,29
Permaculture,Permaculture,,2,15,4,0.314051,0.328413,2.156866,2,0.000072,0,0,0
gardening,gardening,,1,7,4,0.304694,0.318753,0,2,0.00006,0,0,0
chinauncensored,chinauncensored,,2,12,4,0.316404,0.331078,0.695325,2,0.000071,0,0,0
GlobalNewsCN,GlobalNewsCN,,2,12,4,0.316404,0.331078,0.695325,2,0.000071,0,0,0
bayarea,bayarea,,7,48,4,0.348217,0.363802,168.527807,2,0.00014,0,0.380952,8
Adblock,Adblock,,1,5,4,0.304694,0.318753,0,2,0.00006,0,0,0
brexit,brexit,,10,152,4,0.350658,0.367082,47.782755,2,0.000173,0,0.488889,22
EmergingRisks,EmergingRisks,,5,45,4,0.328352,0.344608,15.551386,2,0.000107,0,0.3,3
duckduckgo,duckduckgo,,7,70,4,0.344492,0.359881,16.555689,2,0.00014,0,0.761905,16
UMukhasimAutoNews,UMukhasimAutoNews,,92,1217,3,0.393895,0.419639,7617.933001,2,0.00114,0,0.350215,1466
aviation,aviation,,6,36,4,0.336124,0.352578,159.915615,2,0.000134,0,0.266667,4
Android,Android,,28,289,4,0.357127,0.376999,518.464929,2,0.000433,0,0.322751,122
InfoSecNews,InfoSecNews,,37,426,4,0.363352,0.380689,10061.230278,2,0.000656,0,0.304805,203
AyyMD,AyyMD,,2,12,4,0.311703,0.325697,0,2,0.000075,0,1,1
jrwren,jrwren,,1,5,4,0.304694,0.318753,0,2,0.00006,0,0,0
FreeAsInFreedom,FreeAsInFreedom,,1,5,4,0.304694,0.318753,0,2,0.00006,0,0,0
sysor,sysor,,1,10,4,0.304694,0.318753,0,2,0.00006,0,0,0
java,java,,1,9,4,0.304694,0.318753,0,2,0.00006,0,0,0
NASA_News,NASA_News,,1,5,4,0.304694,0.318753,0,2,0.00006,0,0,0
HeyRiddleRiddle,HeyRiddleRiddle,,1,8,4,0.304694,0.318753,0,2,0.00006,0,0,0
NewsOfTheWeird,NewsOfTheWeird,,5,62,4,0.3269,0.341841,76.883204,2,0.000125,0,0.1,1
NewsOfTheStupid,NewsOfTheStupid,,20,159,4,0.370429,0.387249,438.419807,2,0.000293,0,0.336842,64
videos,videos,,23,293,4,0.358624,0.375359,935.917479,2,0.00037,0,0.197628,50
reddit.com,reddit.com,,20,269,4,0.35701,0.373514,1011.735337,2,0.00032,0,0.3,57
AerospaceEngineering,AerospaceEngineering,,2,10,4,0.308656,0.320649,0,2,0.000072,0,1,1
sweden,sweden,,5,33,5,0.324681,0.337674,82.227313,2,0.000125,0,0.2,2
youtube,youtube,,4,27,4,0.334706,0.346787,0.931867,2,0.000094,0,0.5,3
geek,geek,,30,234,4,0.356735,0.376691,534.688201,2,0.000453,0,0.344828,150
HackBloc,HackBloc,,93,1390,4,0.398627,0.424918,36752.835116,2,0.001606,0,0.249416,1067
BATR,BATR,,6,52,4,0.321439,0.334461,6.7679,2,0.000121,0,0.133333,2
dyscultured,dyscultured,,60,909,4,0.387789,0.410132,7006.553249,2,0.000875,0,0.357062,632
eddit5yearsago,eddit5yearsago,,12,83,4,0.359575,0.375077,208.773756,2,0.000209,0,0.363636,24
TechnologyUnbiased,TechnologyUnbiased,,8,45,4,0.326048,0.339176,19.318183,2,0.00015,0,0.214286,6
Netrunners,Netrunners,,80,1246,4,0.394756,0.41987,15683.479126,2,0.001241,0,0.280696,887
LinuxActionShow,LinuxActionShow,,88,1205,4,0.390865,0.416103,47067.101622,2,0.001831,0,0.171891,658
boston,boston,,2,10,4,0.325623,0.338407,0,2,0.00007,0,1,1
technewz,technewz,,107,1616,4,0.404327,0.432247,26480.624697,2,0.001636,0,0.236114,1339
pakistan,pakistan,,3,15,4,0.311793,0.324416,0.643617,2,0.00008,0,0,0
ANormalDayInAmerica,ANormalDayInAmerica,,6,34,4,0.337344,0.35081,1.190868,2,0.000114,0,0.533333,8
NorthAtlanticTreaty,NorthAtlanticTreaty,,2,16,5,0.299089,0.311203,27.841761,2,0.00008,0,0,0
Military,Military,,11,102,4,0.343328,0.359215,42.213304,2,0.000179,0,0.4,22
vegancirclejerk,vegancirclejerk,,6,36,4,0.348927,0.364161,37.491783,2,0.000129,0,0.6,9
Linky_links,Linky_links,,8,58,4,0.35811,0.372181,122.803751,2,0.000156,0,0.25,7
randpaul,randpaul,,25,408,4,0.365804,0.380433,5360.929391,2,0.000403,0,0.356667,107
LibertarianPartyUSA,LibertarianPartyUSA,,3,82,4,0.332549,0.343122,2.255452,2,0.000087,0,0.666667,2
MarchForNetNeutrality,MarchForNetNeutrality,,6,68,4,0.329684,0.34407,36.983551,2,0.000126,0,0.066667,1
fakenews,fakenews,,2,10,4,0.293581,0.304326,2.439279,2,0.000074,0,0,0
TrendingReddits,TrendingReddits,,3,62,4,0.311256,0.324518,27.92214,2,0.000099,0,0.333333,1
ethtrader,ethtrader,,17,242,4,0.352406,0.370592,738.920531,2,0.000316,0,0.360294,49
NewsfeedForWork,NewsfeedForWork,,26,240,4,0.357953,0.374769,378.193563,2,0.000367,0,0.264615,86
lacortenews,lacortenews,,4,44,5,0.314082,0.327655,3.522539,2,0.000092,0,0.166667,1
PublicBelief,PublicBelief,,110,1563,4,0.396779,0.424713,12230.4991,2,0.001416,0,0.246539,1478
UnfakeNewsARV,UnfakeNewsARV,,1,8,4,0.318075,0.330899,0,2,0.000058,0,0,0
politics2021,politics2021,,3,21,4,0.337835,0.3504,0.141391,2,0.00008,0,0.666667,2
CivPolitics,CivPolitics,,9,77,4,0.353824,0.368722,5.833973,2,0.000155,0,0.555556,20
WhatHaveDemocratsDone,WhatHaveDemocratsDone,,1,6,4,0.318075,0.330899,0,2,0.000058,0,0,0
BadGOP_NoDoughnuts,BadGOP_NoDoughnuts,,2,16,4,0.323004,0.33605,0.406272,2,0.000068,0,0,0
paradoxpolitics,paradoxpolitics,,3,29,4,0.338046,0.353321,3.066197,2,0.000083,0,0.333333,1
FuckTheProudBoys,FuckTheProudBoys,,2,13,4,0.32128,0.33441,0,2,0.000068,0,1,1
TrumpCivilWar,TrumpCivilWar,,3,23,4,0.325656,0.339612,2.414427,2,0.00008,0,0.333333,1
Qaren,Qaren,,3,26,4,0.322044,0.335793,0.859862,2,0.000084,0,0.666667,2
TrumpDepression,TrumpDepression,,1,5,4,0.318075,0.330899,0,2,0.000058,0,0,0
USPS,USPS,,1,6,4,0.318075,0.330899,0,2,0.000058,0,0,0
UnmoderatedPolitics,UnmoderatedPolitics,,2,11,4,0.327856,0.341098,0.0897,2,0.000069,0,0,0
Republikkkans,Republikkkans,,1,5,4,0.318075,0.330899,0,2,0.000058,0,0,0
childrenofdemocracy,childrenofdemocracy,,1,6,4,0.318075,0.330899,0,2,0.000058,0,0,0
Right4youPolitics,Right4youPolitics,,2,10,4,0.325819,0.339253,1.168033,2,0.00007,0,0,0
breakingnews,breakingnews,,2,10,4,0.327856,0.341098,0.0897,2,0.000069,0,0,0
NotDyingForWallStreet,NotDyingForWallStreet,,1,5,4,0.318075,0.330899,0,2,0.000058,0,0,0
JustTheHeadline,JustTheHeadline,,4,38,4,0.331904,0.345275,2.088952,2,0.000092,0,0.333333,2
FuckMitchMcConnell,FuckMitchMcConnell,,1,5,4,0.318075,0.330899,0,2,0.000058,0,0,0
RIPworldnews,RIPworldnews,,101,1485,3,0.401382,0.428454,17552.985577,2,0.001409,0,0.269109,1359
privacypatriots,privacypatriots,,59,904,4,0.387835,0.409799,2986.481177,2,0.000802,0,0.388662,665
Monero,Monero,,21,259,4,0.353517,0.367287,13611.373172,2,0.000569,0,0.242857,51
crypto,crypto,,93,1454,4,0.403674,0.430146,33451.779677,2,0.00162,0,0.27022,1156
TorontoCrypto,TorontoCrypto,,93,1530,4,0.400345,0.426712,31187.966026,2,0.001573,0,0.254324,1088
denser,denser,,75,1036,4,0.394852,0.419075,10863.759641,2,0.001085,0,0.299459,831
NolibsWatch,NolibsWatch,,35,455,4,0.378008,0.396448,9540.397597,2,0.000594,0,0.32605,194
thebrainstorm,thebrainstorm,,77,1159,4,0.39143,0.415872,21240.348803,2,0.001263,0,0.247095,723
SocialEngineering,SocialEngineering,,65,657,4,0.388856,0.411542,39873.476524,2,0.001325,0,0.247596,515
nsa,nsa,,58,978,4,0.393466,0.416129,1581.195008,2,0.000751,0,0.403509,667
TOR,TOR,,45,640,4,0.384943,0.405135,12538.897382,2,0.000782,0,0.386869,383
chrome,chrome,,37,475,4,0.36384,0.381534,23969.551747,2,0.00089,0,0.177177,118
Policy,Policy,,84,1415,4,0.393276,0.418589,17686.168364,2,0.001219,0,0.32358,1128
techtalktoday,techtalktoday,,91,1180,4,0.396392,0.422355,25497.942992,2,0.001512,0,0.207814,851
sysadmin,sysadmin,,24,297,4,0.362461,0.378716,215.484751,2,0.000367,0,0.34058,94
WatchRedditLive,WatchRedditLive,,1,6,4,0.31081,0.323211,0,2,0.000059,0,0,0
DC_FCC_Protest,DC_FCC_Protest,,1,8,4,0.31081,0.323211,0,2,0.000059,0,0,0
TheColorIsOrange,TheColorIsOrange,,5,47,4,0.325167,0.338612,4.956701,2,0.000107,0,0,0
newsintechnology,newsintechnology,,4,30,4,0.321566,0.335076,1.731318,2,0.000094,0,0,0
Comcast,Comcast,,4,27,4,0.326015,0.339381,3.032875,2,0.000096,0,0.333333,2
verizon,verizon,,2,11,4,0.318574,0.331719,0.929251,2,0.000072,0,0,0
businessnews,businessnews,,2,11,4,0.316281,0.329028,0.445243,2,0.000071,0,0,0
gadgets,gadgets,,11,72,4,0.333368,0.349477,62.948588,2,0.000195,0,0.272727,15
customer_hostility,customer_hostility,,3,19,4,0.329116,0.34179,0,2,0.000082,0,1,3
cordcutters,cordcutters,,16,173,4,0.334224,0.350682,55.692848,2,0.000248,0,0.25,30
adops,adops,,3,18,4,0.323164,0.337049,1.284113,2,0.000087,0,0.666667,2
News_IT,News_IT,,14,141,4,0.331228,0.347094,59.010994,2,0.000226,0,0.32967,30
RealTesla,RealTesla,,4,26,4,0.33474,0.348298,3.669439,2,0.000096,0,0.5,3
iphone,iphone,,8,126,4,0.328584,0.342815,23.471761,2,0.000151,0,0.25,7
AmazonFC,AmazonFC,,4,51,4,0.320773,0.333923,6.550847,2,0.0001,0,0.333333,2
Piracy,Piracy,,5,37,4,0.334947,0.348196,3.906479,2,0.000108,0,0.3,3
ladydevs,ladydevs,,2,16,4,0.32011,0.332975,0.692592,2,0.00007,0,0,0
openthelastmile,openthelastmile,,8,60,4,0.331803,0.346915,25.885734,2,0.00015,0,0.107143,3
CurrentGeek,CurrentGeek,,11,103,4,0.339316,0.35532,36.707335,2,0.000194,0,0.4,22
Internet,Internet,,7,63,4,0.328319,0.342635,5.328315,2,0.000134,0,0.380952,8
NoNetNeutrality,NoNetNeutrality,,1,7,4,0.31081,0.323211,0,2,0.000059,0,0,0
Twitter,Twitter,,2,10,4,0.31898,0.331975,0,2,0.000071,0,1,1
ukraine,ukraine,,10,99,4,0.348292,0.363674,46.741804,2,0.000171,0,0.422222,19
boringdystopia,boringdystopia,,3,18,4,0.327723,0.341072,1.619993,2,0.000082,0,0,0
StockMarket,StockMarket,,2,10,4,0.321249,0.334281,1.032343,2,0.00007,0,0,0
InsideScoop,InsideScoop,,5,61,4,0.338997,0.352962,5.246914,2,0.000106,0,0.4,4
municipalfiber,municipalfiber,,2,15,4,0.317609,0.330079,1.562778,2,0.000071,0,0,0
lastweektonight,lastweektonight,,2,11,4,0.328651,0.341226,0.149293,2,0.00007,0,0,0
CNET_ALL_RSS,CNET_ALL_RSS,,4,28,4,0.325135,0.338433,9.339539,2,0.0001,0,0.333333,2
nfultz,nfultz,,7,38,4,0.336124,0.34958,8.569599,2,0.000133,0,0.47619,10
socialmedianews,socialmedianews,,6,49,4,0.32494,0.338894,5.303144,2,0.000121,0,0.266667,4
seenOnWorldNews,seenOnWorldNews,,6,49,4,0.337835,0.351476,37.656989,2,0.000127,0,0.4,6
futureology,futureology,,3,17,4,0.330052,0.342661,0.457626,2,0.000082,0,0.333333,1
mashable,mashable,,2,16,4,0.317361,0.330181,1.102367,2,0.000071,0,0,0
Engadget,Engadget,,6,109,4,0.329083,0.343276,9.123474,2,0.00012,0,0.066667,1
WarOnComcast,WarOnComcast,,9,129,4,0.329183,0.343737,8.467344,2,0.000161,0,0.472222,17
THE_VERGE_ALL_RSS,THE_VERGE_ALL_RSS,,8,76,4,0.333265,0.348478,46.838051,2,0.000155,0,0.357143,10
ToasterTalk,ToasterTalk,,3,16,4,0.326703,0.340278,1.606259,2,0.000082,0,0,0
eddit6yearsago,eddit6yearsago,,6,42,4,0.327955,0.342046,5.857663,2,0.000123,0,0.266667,4
News_facebook,News_facebook,,11,93,4,0.339741,0.353987,55.463599,2,0.00019,0,0.309091,17
simpledata,simpledata,,2,13,4,0.318949,0.331745,0,2,0.00007,0,1,1
thepiratebay,thepiratebay,,2,12,4,0.312903,0.3258,0,2,0.00008,0,1,1
TPB,TPB,,1,6,4,0.31081,0.323211,0,2,0.000059,0,0,0
The_Verge_Tech_RSS,The_Verge_Tech_RSS,,9,156,4,0.334258,0.349682,51.561042,2,0.000167,0,0.333333,12
JustGoodNews,JustGoodNews,,9,108,4,0.344018,0.360112,39.033195,2,0.000155,0,0.25,9
phlogiston,phlogiston,,2,12,4,0.30584,0.316779,0.3161,2,0.000071,0,0,0
FreeEuropeNews,FreeEuropeNews,,9,113,4,0.322587,0.336741,14.174274,2,0.000156,0,0.305556,11
RIPnews,RIPnews,,3,17,4,0.303443,0.314858,0.170747,2,0.000082,0,0.666667,2
China_irl,China_irl,,5,33,4,0.344565,0.359343,186.478882,2,0.000112,0,0,0
indianews,indianews,,2,14,4,0.318917,0.333154,0,2,0.000072,0,1,1
GeoNews24,GeoNews24,,1,6,4,0.312482,0.326645,0,2,0.000059,0,0,0
italy,italy,,4,21,4,0.332142,0.347222,9.681674,2,0.000097,0,0.166667,1
forntpagenews,forntpagenews,,1,7,4,0.312482,0.326645,0,2,0.000059,0,0,0
europes,europes,,7,66,4,0.340881,0.355935,19.994467,2,0.000131,0,0.333333,7
worldnews2,worldnews2,,2,11,4,0.315238,0.329951,0,2,0.000071,0,1,1
southpark,southpark,,1,6,4,0.312482,0.326645,0,2,0.000059,0,0,0
deepfatfried,deepfatfried,,3,18,4,0.332413,0.346684,0.362898,2,0.000081,0,0.333333,1
mahanology,mahanology,,1,13,4,0.312482,0.326645,0,2,0.000059,0,0,0
BoycottChina,BoycottChina,,1,5,4,0.312482,0.326645,0,2,0.000059,0,0,0
antivax,antivax,,2,18,4,0.323004,0.3371,1.349356,2,0.000071,0,0,0
The_Khashoggi_Effect,The_Khashoggi_Effect,,1,5,4,0.312482,0.326645,0,2,0.000059,0,0,0
saudiarabia,saudiarabia,,1,6,4,0.312482,0.326645,0,2,0.000059,0,0,0
asia,asia,,2,26,4,0.31989,0.334281,4.011242,2,0.000072,0,0,0
EnoughWumaoSpam,EnoughWumaoSpam,,2,14,4,0.316589,0.331283,0,2,0.000083,0,1,1
Turkey,Turkey,,2,14,4,0.319356,0.333718,1.59572,2,0.000072,0,0,0
LssMobTest,LssMobTest,,1,6,4,0.312482,0.326645,0,2,0.000059,0,0,0
korea,korea,,1,5,4,0.312482,0.326645,0,2,0.000059,0,0,0
Against_Genocide,Against_Genocide,,2,14,4,0.31989,0.334281,4.011242,2,0.000072,0,0,0
newscollection,newscollection,,2,16,4,0.324843,0.339612,3.793568,2,0.000074,0,0,0
WaysTrumpFuckedUp,WaysTrumpFuckedUp,,1,6,4,0.312482,0.326645,0,2,0.000059,0,0,0
Banned_from_Russia,Banned_from_Russia,,1,7,4,0.312482,0.326645,0,2,0.000059,0,0,0
UnitedKingdomPolitics,UnitedKingdomPolitics,,3,21,4,0.323132,0.337587,6.323758,2,0.000086,0,0.333333,1
WilliamsLakeNews,WilliamsLakeNews,,1,10,4,0.312482,0.326645,0,2,0.000059,0,0,0
Ogopogo,Ogopogo,,1,5,4,0.312482,0.326645,0,2,0.000059,0,0,0
TrumptASStic,TrumptASStic,,1,6,4,0.312482,0.326645,0,2,0.000059,0,0,0
WorldNewsHeadlines,WorldNewsHeadlines,,2,11,4,0.320299,0.335025,3.906893,2,0.000072,0,0,0
EuropeanPeoples,EuropeanPeoples,,3,35,4,0.294939,0.305351,0.290443,2,0.000082,0,0.333333,1
euromigration,euromigration,,3,39,4,0.294939,0.305351,0.290443,2,0.000082,0,0.333333,1
eff,eff,,2,13,4,0.288451,0.297868,0.825304,2,0.000071,0,0,0
AdviceAnimals,AdviceAnimals,,1,7,5,0.280103,0.287346,0,2,0.00006,0,0,0
cringepics,cringepics,,2,16,5,0.284938,0.293855,4.342516,2,0.000082,0,0,0
auslaw,auslaw,,1,5,5,0.280103,0.287346,0,2,0.00006,0,0,0
ACTA,ACTA,,3,21,5,0.297993,0.309102,1.536937,2,0.000085,0,0.333333,1
FASCAmazon,FASCAmazon,,1,7,5,0.276554,0.283769,0,2,0.00006,0,0,0
Tax_the_rich,Tax_the_rich,,1,7,5,0.276554,0.283769,0,2,0.00006,0,0,0
AmazonDSPDrivers,AmazonDSPDrivers,,2,21,5,0.286041,0.295059,0.148132,2,0.000072,0,0,0
fuckamazon,fuckamazon,,2,32,5,0.286041,0.295059,0.148132,2,0.000072,0,0,0
WorkplaceOrganizing,WorkplaceOrganizing,,2,21,4,0.285614,0.294998,0,2,0.000072,0,1,1
FuckJeffBezos,FuckJeffBezos,,2,12,5,0.286041,0.295059,0.148132,2,0.000072,0,0,0
amazon,amazon,,2,19,5,0.286041,0.295059,0.148132,2,0.000072,0,0,0
FulfillmentByAmazon,FulfillmentByAmazon,,1,5,5,0.276554,0.283769,0,2,0.00006,0,0,0
digitalminimalism,digitalminimalism,,1,7,5,0.282807,0.291472,0,2,0.000058,0,0,0
virtualreality,virtualreality,,2,14,5,0.289504,0.299954,3.111784,2,0.000077,0,0,0
CyberNews,CyberNews,,13,110,4,0.331296,0.346915,75.346066,2,0.000225,0,0.307692,24
socialmediaskepticism,socialmediaskepticism,,1,10,5,0.282807,0.291472,0,2,0.000058,0,0,0
oculus,oculus,,8,53,5,0.312482,0.327091,50.978123,2,0.00016,0,0.071429,2
whatsapp,whatsapp,,3,18,5,0.294059,0.305207,1.251072,2,0.000084,0,0.333333,1
RSSBot,RSSBot,,9,57,4,0.332583,0.348375,19.40748,2,0.000155,0,0.277778,10
fuckfacebook,fuckfacebook,,1,5,5,0.282807,0.291472,0,2,0.000058,0,0,0
thehatedone,thehatedone,,4,26,5,0.297639,0.309717,3.231737,2,0.000097,0,0.333333,2
PrivacyGuides,PrivacyGuides,,5,41,5,0.310453,0.323427,1.903973,2,0.000108,0,0.3,3
degoogleyourlife,degoogleyourlife,,1,8,5,0.283152,0.29199,0,2,0.000059,0,0,0
DeepMinds,DeepMinds,,1,5,5,0.283152,0.29199,0,2,0.000059,0,0,0
browser,browser,,3,31,5,0.297993,0.309102,0.415313,2,0.000086,0,0.666667,2
BATProject,BATProject,,2,11,5,0.296824,0.308359,1.284113,2,0.000074,0,0,0
plexodus,plexodus,,2,13,5,0.296824,0.308359,1.284113,2,0.000074,0,0,0
StopBeingEvil,StopBeingEvil,,1,10,5,0.283152,0.29199,0,2,0.000059,0,0,0
socialistprogrammers,socialistprogrammers,,4,29,4,0.309626,0.322443,3.66115,2,0.000096,0,0.333333,2
Scotland,Scotland,,7,76,4,0.326408,0.340432,12.290381,2,0.000132,0,0.333333,7
amcstock,amcstock,,6,73,4,0.31625,0.329131,24.279742,2,0.000128,0,0.333333,5
applesucks,applesucks,,1,10,5,0.276907,0.284676,0,2,0.000065,0,0,0
jailbreak,jailbreak,,1,6,5,0.276907,0.284676,0,2,0.000065,0,0,0
mac,mac,,1,15,5,0.276907,0.284676,0,2,0.000065,0,0,0
ios,ios,,2,28,5,0.300721,0.311921,1.633041,2,0.000076,0,0,0
androidcirclejerk,androidcirclejerk,,1,8,5,0.276907,0.284676,0,2,0.000065,0,0,0
TeamTimSweeney,TeamTimSweeney,,1,5,5,0.276907,0.284676,0,2,0.000065,0,0,0
AppleMusic,AppleMusic,,1,5,5,0.276907,0.284676,0,2,0.000065,0,0,0
apple_jp,apple_jp,,1,6,5,0.276907,0.284676,0,2,0.000065,0,0,0
apolloapp,apolloapp,,1,5,5,0.276907,0.284676,0,2,0.000065,0,0,0
AppleLastNews,AppleLastNews,,1,6,5,0.276907,0.284676,0,2,0.000065,0,0,0
MVIS,MVIS,,1,5,5,0.276907,0.284676,0,2,0.000065,0,0,0
iOSProgramming,iOSProgramming,,1,5,5,0.276907,0.284676,0,2,0.000065,0,0,0
ipad,ipad,,1,8,5,0.276907,0.284676,0,2,0.000065,0,0,0
worldGlance,worldGlance,,5,46,5,0.30458,0.316328,65.392776,2,0.000133,0,0,0
BitsToBytes,BitsToBytes,,2,24,5,0.285213,0.29404,1.938781,2,0.000077,0,0,0
privbunker,privbunker,,2,43,5,0.278139,0.285993,1.865481,2,0.000079,0,0,0
netsec,netsec,,11,267,5,0.311883,0.325554,54.024176,2,0.000202,0,0.254545,14
blueteamsec,blueteamsec,,5,54,5,0.29753,0.309358,13.32073,2,0.000119,0,0.2,2
redteamsec,redteamsec,,1,9,5,0.275313,0.282226,0,2,0.000064,0,0,0
bugbounty,bugbounty,,1,5,5,0.275313,0.282226,0,2,0.000064,0,0,0
websecurityresearch,websecurityresearch,,1,8,5,0.275313,0.282226,0,2,0.000064,0,0,0
purpleteamsec,purpleteamsec,,1,10,5,0.275313,0.282226,0,2,0.000064,0,0,0
krebs,krebs,,2,43,5,0.278139,0.285993,1.865481,2,0.000079,0,0,0
darknetdiaries,darknetdiaries,,2,13,5,0.280007,0.287987,1.211087,2,0.000078,0,0,0
SecOpsDaily,SecOpsDaily,,3,20,5,0.28766,0.297391,2.297195,2,0.000091,0,0.333333,1
coolgithubprojects,coolgithubprojects,,3,19,5,0.296932,0.308308,13.48956,2,0.000094,0,0,0
ReverseEngineering,ReverseEngineering,,3,24,5,0.295905,0.306155,3.501261,2,0.000089,0,0,0
lowlevel,lowlevel,,1,5,5,0.275313,0.282226,0,2,0.000064,0,0,0
Python,Python,,1,5,5,0.275313,0.282226,0,2,0.000064,0,0,0
ukipparty,ukipparty,,2,22,4,0.291189,0.300943,0,2,0.00007,0,1,1
portugal,portugal,,1,5,5,0.282684,0.291185,0,2,0.000058,0,0,0
Cryptoandme,Cryptoandme,,3,23,5,0.297666,0.308026,1.630519,2,0.000096,0,0.666667,2
bitcoinshitposting,bitcoinshitposting,,1,7,5,0.285739,0.294337,0,2,0.00006,0,0,0
LitecoinMarkets,LitecoinMarkets,,1,5,5,0.285739,0.294337,0,2,0.00006,0,0,0
TempleSatoshi,TempleSatoshi,,1,15,5,0.285739,0.294337,0,2,0.00006,0,0,0
CryptoCurrencies,CryptoCurrencies,,4,54,5,0.299751,0.311383,15.3581,2,0.000125,0,0.666667,4
litecoin,litecoin,,3,20,5,0.288426,0.297976,1.630519,2,0.000105,0,0.666667,2
PaintingTheTape,PaintingTheTape,,2,11,5,0.29221,0.301763,0.992593,2,0.000076,0,0,0
thecryptofeed,thecryptofeed,,3,17,5,0.296742,0.307108,2.93566,2,0.000095,0,0.333333,1
NiceHash,NiceHash,,1,36,5,0.285739,0.294337,0,2,0.00006,0,0,0
altcoin,altcoin,,1,30,5,0.278663,0.287397,0,2,0.000077,0,0,0
IPSX,IPSX,,1,22,5,0.278663,0.287397,0,2,0.000077,0,0,0
cryptoall,cryptoall,,1,12,5,0.278663,0.287397,0,2,0.000077,0,0,0
ethereum,ethereum,,6,88,5,0.30458,0.317302,30.818143,2,0.00016,0,0.666667,10
Bancor,Bancor,,1,6,5,0.278663,0.287397,0,2,0.000077,0,0,0
FortKnoxster,FortKnoxster,,1,10,5,0.278663,0.287397,0,2,0.000077,0,0,0
ethinvestor,ethinvestor,,1,85,5,0.278663,0.287397,0,2,0.000077,0,0,0
AmaZixOfficial,AmaZixOfficial,,1,19,5,0.278663,0.287397,0,2,0.000077,0,0,0
CryptoMarkets,CryptoMarkets,,4,73,5,0.293953,0.30513,16.578825,2,0.000132,0,0.666667,4
AllThingsCrypto,AllThingsCrypto,,2,41,5,0.288836,0.299031,14.365507,2,0.000095,0,0,0
Crypto_General,Crypto_General,,1,8,5,0.278663,0.287397,0,2,0.000077,0,0,0
blockchain_startups,blockchain_startups,,1,24,5,0.278663,0.287397,0,2,0.000077,0,0,0
InitialCoinOfferings,InitialCoinOfferings,,1,9,5,0.278663,0.287397,0,2,0.000077,0,0,0
ico,ico,,1,19,5,0.278663,0.287397,0,2,0.000077,0,0,0
CryptoICO,CryptoICO,,1,31,5,0.278663,0.287397,0,2,0.000077,0,0,0
GBXCommunity,GBXCommunity,,1,47,5,0.278663,0.287397,0,2,0.000077,0,0,0
AmaZixClients,AmaZixClients,,1,40,5,0.278663,0.287397,0,2,0.000077,0,0,0
AlternativeCoin,AlternativeCoin,,2,18,5,0.28049,0.289858,0,2,0.000099,0,1,1
cryptotrader,cryptotrader,,1,51,5,0.278663,0.287397,0,2,0.000077,0,0,0
Crypto_Currency_News,Crypto_Currency_News,,3,47,5,0.289943,0.300543,14.365507,2,0.000116,0,0.666667,2
icocrypto,icocrypto,,1,22,5,0.278663,0.287397,0,2,0.000077,0,0,0
LOOMIA,LOOMIA,,1,7,5,0.278663,0.287397,0,2,0.000077,0,0,0
Atonomi,Atonomi,,1,8,5,0.278663,0.287397,0,2,0.000077,0,0,0
bitcoinxt,bitcoinxt,,1,7,5,0.278663,0.287397,0,2,0.000077,0,0,0
Mobu,Mobu,,1,13,5,0.278663,0.287397,0,2,0.000077,0,0,0
Kowalaofficial,Kowalaofficial,,1,16,5,0.278663,0.287397,0,2,0.000077,0,0,0
CryptoCurrencyLive,CryptoCurrencyLive,,1,21,5,0.278663,0.287397,0,2,0.000077,0,0,0
BlockchainStartups,BlockchainStartups,,1,6,5,0.278663,0.287397,0,2,0.000077,0,0,0
CryptoCurrencyTrading,CryptoCurrencyTrading,,1,8,5,0.278663,0.287397,0,2,0.000077,0,0,0
ICOAnalysis,ICOAnalysis,,1,22,5,0.278663,0.287397,0,2,0.000077,0,0,0
ERC20,ERC20,,1,6,5,0.278663,0.287397,0,2,0.000077,0,0,0
cryptonewswire,cryptonewswire,,2,11,5,0.288836,0.299031,14.365507,2,0.000095,0,0,0
Momentum_Token,Momentum_Token,,1,8,5,0.278663,0.287397,0,2,0.000077,0,0,0
Iota,Iota,,1,5,5,0.278663,0.287397,0,2,0.000077,0,0,0
cobinhood,cobinhood,,1,12,5,0.278663,0.287397,0,2,0.000077,0,0,0
altcoin_news,altcoin_news,,1,10,5,0.278663,0.287397,0,2,0.000077,0,0,0
IcoInvestor,IcoInvestor,,1,8,5,0.278663,0.287397,0,2,0.000077,0,0,0
bankex,bankex,,1,6,5,0.278663,0.287397,0,2,0.000077,0,0,0
EQUIcapital,EQUIcapital,,1,11,5,0.278663,0.287397,0,2,0.000077,0,0,0
arcona,arcona,,1,15,5,0.278663,0.287397,0,2,0.000077,0,0,0
crypto_currency,crypto_currency,,2,26,5,0.288836,0.299031,14.365507,2,0.000095,0,0,0
Ether,Ether,,1,6,5,0.278663,0.287397,0,2,0.000077,0,0,0
bitcoin_uncensored,bitcoin_uncensored,,2,15,5,0.28049,0.289858,0,2,0.000099,0,1,1
CryptoNews,CryptoNews,,2,12,5,0.288836,0.299031,14.365507,2,0.000095,0,0,0
Blockshipping,Blockshipping,,1,5,5,0.278663,0.287397,0,2,0.000077,0,0,0
PumaPay,PumaPay,,1,5,5,0.278663,0.287397,0,2,0.000077,0,0,0
Cardstack,Cardstack,,1,5,5,0.278663,0.287397,0,2,0.000077,0,0,0
kryptocal,kryptocal,,1,5,5,0.278663,0.287397,0,2,0.000077,0,0,0
dccofficial,dccofficial,,1,5,5,0.278663,0.287397,0,2,0.000077,0,0,0
TechWar,TechWar,,4,28,4,0.311226,0.324083,3.8733,2,0.000094,0,0,0
Bitcoincash,Bitcoincash,,1,32,5,0.270504,0.27686,0,2,0.000068,0,0,0
Bitcoin_espanol,Bitcoin_espanol,,1,17,5,0.270504,0.27686,0,2,0.000068,0,0,0
dashpay,dashpay,,1,5,5,0.270504,0.27686,0,2,0.000068,0,0,0
BitcoinAllTV,BitcoinAllTV,,1,5,5,0.270504,0.27686,0,2,0.000068,0,0,0
CryptoPrincipiantes,CryptoPrincipiantes,,1,42,5,0.270504,0.27686,0,2,0.000068,0,0,0
piratebay,piratebay,,1,5,5,0.270504,0.27686,0,2,0.000068,0,0,0
GME,GME,,4,64,5,0.30254,0.313766,7.618788,2,0.000109,0,0.5,3
CannabisMSOs,CannabisMSOs,,1,5,5,0.286646,0.295572,0,2,0.000057,0,0,0
RetailNews,RetailNews,,1,5,5,0.286646,0.295572,0,2,0.000057,0,0,0
halifax,halifax,,2,20,5,0.296472,0.308026,0,2,0.000081,0,1,1
WhileTrueCode,WhileTrueCode,,4,33,4,0.326113,0.338125,0.807748,2,0.000096,0,0.666667,4
CryptoToFuture,CryptoToFuture,,6,97,4,0.315391,0.328798,8.489187,2,0.00013,0,0.666667,10
THEHINDUauto,THEHINDUauto,,1,5,5,0.282439,0.290775,0,2,0.000058,0,0,0
ABCauto,ABCauto,,2,48,4,0.287381,0.297458,0.8872,2,0.00007,0,0,0
RisingThreads,RisingThreads,,5,47,4,0.31075,0.322878,51.929133,2,0.000128,0,0.3,3
taiwan,taiwan,,2,19,5,0.29179,0.301491,0,2,0.000076,0,1,1
ImagesOfChina,ImagesOfChina,,2,11,5,0.293634,0.303721,1.342698,2,0.000074,0,0,0
Windows10,Windows10,,4,23,5,0.305812,0.3172,3.574399,2,0.000107,0,0.5,3
chromeos,chromeos,,1,8,5,0.266798,0.273058,0,2,0.000067,0,0,0
streamus,streamus,,1,7,5,0.266798,0.273058,0,2,0.000067,0,0,0
lego,lego,,1,10,5,0.266798,0.273058,0,2,0.000067,0,0,0
YouShouldKnow,YouShouldKnow,,1,5,5,0.266798,0.273058,0,2,0.000067,0,0,0
chrome_extensions,chrome_extensions,,1,5,5,0.266798,0.273058,0,2,0.000067,0,0,0
shamelessplug,shamelessplug,,1,5,5,0.266798,0.273058,0,2,0.000067,0,0,0
Enhancement,Enhancement,,1,26,5,0.266798,0.273058,0,2,0.000067,0,0,0
Colorado,Colorado,,3,98,5,0.279405,0.287731,13.839607,2,0.000102,0,0.333333,1
TheFrontRange,TheFrontRange,,1,24,5,0.269495,0.27562,0,2,0.000062,0,0,0
grandjunction,grandjunction,,1,12,5,0.269495,0.27562,0,2,0.000062,0,0,0
boulder,boulder,,3,65,4,0.298157,0.309912,10.357651,2,0.000095,0,0.333333,1
DenverProtests,DenverProtests,,2,15,5,0.273599,0.280422,0,2,0.000083,0,1,1
ColoradoSprings,ColoradoSprings,,2,19,5,0.273599,0.280422,0,2,0.000083,0,1,1
treetube,treetube,,2,16,5,0.273599,0.280422,0,2,0.000083,0,1,1
FortCollins,FortCollins,,1,8,5,0.269495,0.27562,0,2,0.000062,0,0,0
CoronavirusColorado,CoronavirusColorado,,2,15,5,0.273599,0.280422,0,2,0.000083,0,1,1
Wallstreetsilver,Wallstreetsilver,,10,128,4,0.334396,0.34999,88.028971,2,0.000189,0,0.377778,17
conspirators,conspirators,,2,13,5,0.290279,0.299995,0,2,0.000071,0,1,1
CongressionalHunting,CongressionalHunting,,8,50,4,0.31001,0.323211,12.504637,2,0.000147,0,0.214286,6
Green_Anarchism,Green_Anarchism,,2,11,4,0.292894,0.303275,0.195893,2,0.000069,0,0,0
RAMSPEC,RAMSPEC,,4,26,4,0.303245,0.315037,3.508489,2,0.000097,0,0,0
eddit8yearsago,eddit8yearsago,,5,32,4,0.307955,0.321008,9.839116,2,0.000115,0,0.2,2
encryptedmessaging,encryptedmessaging,,5,43,4,0.303047,0.315421,4.18893,2,0.00011,0,0.3,3
oppy1984,oppy1984,,8,49,4,0.307809,0.321392,17.379718,2,0.00015,0,0.25,7
ssl,ssl,,1,7,5,0.287609,0.296161,0,2,0.000061,0,0,0
cryptography,cryptography,,1,18,5,0.287609,0.296161,0,2,0.000061,0,0,0
math,math,,1,6,5,0.287609,0.296161,0,2,0.000061,0,0,0
netsecstudents,netsecstudents,,1,5,5,0.287609,0.296161,0,2,0.000061,0,0,0
devel,devel,,4,34,5,0.309685,0.322863,12.950991,2,0.000105,0,0.333333,2
i2p,i2p,,1,6,5,0.287609,0.296161,0,2,0.000061,0,0,0
ProtonMail,ProtonMail,,2,13,5,0.293926,0.304208,1.83995,2,0.000075,0,0,0
signal,signal,,4,34,5,0.309626,0.321889,3.29947,2,0.000098,0,0.166667,1
Passwords,Passwords,,1,5,5,0.287609,0.296161,0,2,0.000061,0,0,0
VPN,VPN,,1,5,5,0.287609,0.296161,0,2,0.000061,0,0,0
atbitcoin,atbitcoin,,2,13,5,0.28579,0.294675,0,2,0.00008,0,1,1
nftsupermarket,nftsupermarket,,2,12,5,0.295073,0.305386,0,2,0.000074,0,1,1
cryptopricesalerts,cryptopricesalerts,,1,9,5,0.279333,0.287008,0,2,0.000062,0,0,0
SatoshiStreetBets,SatoshiStreetBets,,2,24,5,0.28579,0.294675,0,2,0.00008,0,1,1
SafeMoon,SafeMoon,,1,5,5,0.279333,0.287008,0,2,0.000062,0,0,0
SHIBArmy,SHIBArmy,,1,7,5,0.279333,0.287008,0,2,0.000062,0,0,0
biz,biz,,1,5,5,0.279333,0.287008,0,2,0.000062,0,0,0
pwned,pwned,,1,18,5,0.28766,0.297109,0,2,0.000057,0,0,0
cyphernode,cyphernode,,1,5,5,0.28766,0.297109,0,2,0.000057,0,0,0
Wired_Top_Stories,Wired_Top_Stories,,1,5,5,0.28766,0.297109,0,2,0.000057,0,0,0
WSJauto,WSJauto,,2,19,5,0.300194,0.312151,1.475426,2,0.000073,0,0,0
netflix,netflix,,1,6,5,0.280781,0.288653,0,2,0.000059,0,0,0
COPYRIGHT,COPYRIGHT,,7,63,4,0.312392,0.325364,9.178711,2,0.000136,0,0.285714,6
torrents,torrents,,1,8,5,0.280781,0.288653,0,2,0.000059,0,0,0
CordKillers,CordKillers,,6,41,5,0.317361,0.33073,7.36604,2,0.000122,0,0.2,3
CISPA,CISPA,,1,6,5,0.280781,0.288653,0,2,0.000059,0,0,0
ReptiloidsLeague,ReptiloidsLeague,,1,6,5,0.283522,0.292241,0,2,0.000061,0,0,0
evilbuildings,evilbuildings,,1,6,5,0.283522,0.292241,0,2,0.000061,0,0,0
bladerunner,bladerunner,,1,8,5,0.283522,0.292241,0,2,0.000061,0,0,0
OverwrittenSeries,OverwrittenSeries,,1,6,5,0.283522,0.292241,0,2,0.000061,0,0,0
AsianCitiesAtNight,AsianCitiesAtNight,,1,11,5,0.283522,0.292241,0,2,0.000061,0,0,0
SciFiRealism,SciFiRealism,,1,5,5,0.283522,0.292241,0,2,0.000061,0,0,0
VaporwaveAesthetics,VaporwaveAesthetics,,1,5,5,0.283522,0.292241,0,2,0.000061,0,0,0
AnimatedPixelArt,AnimatedPixelArt,,1,5,5,0.283522,0.292241,0,2,0.000061,0,0,0
steampunk,steampunk,,1,8,5,0.283522,0.292241,0,2,0.000061,0,0,0
homelab,homelab,,3,17,5,0.298979,0.310153,4.370003,2,0.000088,0,0,0
HowToHack,HowToHack,,3,22,5,0.292052,0.302311,0.798148,2,0.000087,0,0.666667,2
SecNewsAgg,SecNewsAgg,,1,7,5,0.274894,0.281504,0,2,0.00006,0,0,0
News_Microsoft,News_Microsoft,,2,10,5,0.286419,0.295341,0,2,0.000072,0,1,1
DTNS,DTNS,,3,19,5,0.303698,0.31515,1.412491,2,0.000085,0,0,0
SlackerNews,SlackerNews,,1,5,5,0.293026,0.303055,0,2,0.000059,0,0,0
UniversalGeek,UniversalGeek,,2,14,5,0.301754,0.312741,0,2,0.000074,0,1,1
tekthingers,tekthingers,,1,6,5,0.293026,0.303055,0,2,0.000059,0,0,0
wielearn,wielearn,,2,10,5,0.300805,0.311793,0.941528,2,0.000073,0,0,0
Deemable,Deemable,,2,12,5,0.300499,0.311588,0.950071,2,0.000074,0,0,0
RdvTech,RdvTech,,3,18,5,0.303189,0.315022,7.600509,2,0.000092,0,0,0
geekdays,geekdays,,2,14,5,0.301139,0.312254,0.448541,2,0.000072,0,0,0
windows,windows,,2,12,5,0.299503,0.310435,0.922031,2,0.000074,0,0,0
microsoft,microsoft,,5,33,4,0.313385,0.32621,5.362291,2,0.000112,0,0.3,3
alphageekradio,alphageekradio,,1,8,5,0.293026,0.303055,0,2,0.000059,0,0,0
linuxunplugged,linuxunplugged,,3,20,5,0.305927,0.318635,12.054214,2,0.000092,0,0,0
bandwidth,bandwidth,,3,20,5,0.309243,0.321043,0.554816,2,0.000083,0,0.333333,1
redditmixer,redditmixer,,2,20,5,0.313688,0.325041,0,2,0.000072,0,1,1
psychology,psychology,,11,91,4,0.338891,0.354167,67.276533,2,0.000187,0,0.290909,16
singularity,singularity,,5,36,4,0.321439,0.335101,3.531955,2,0.000111,0,0.4,4
ThePedoFile,ThePedoFile,,1,6,5,0.283103,0.291088,0,2,0.000058,0,0,0
moistgarage,moistgarage,,1,11,5,0.283103,0.291088,0,2,0.000058,0,0,0
ImagesOfColorado,ImagesOfColorado,,1,16,5,0.268295,0.273478,0,2,0.000068,0,0,0
DenverCirclejerk,DenverCirclejerk,,1,7,5,0.268295,0.273478,0,2,0.000068,0,0,0
Boiling_Steam,Boiling_Steam,,2,18,5,0.286671,0.296418,6.423109,2,0.000079,0,0,0
kubernetes,kubernetes,,1,42,5,0.278902,0.286577,0,2,0.000061,0,0,0
SwiftGrowth,SwiftGrowth,,1,6,5,0.278902,0.286577,0,2,0.000061,0,0,0
selfhosted,selfhosted,,1,5,5,0.278902,0.286577,0,2,0.000061,0,0,0
k8s,k8s,,1,10,5,0.278902,0.286577,0,2,0.000061,0,0,0
DevTo,DevTo,,1,89,5,0.278902,0.286577,0,2,0.000061,0,0,0
safing,safing,,1,5,5,0.278902,0.286577,0,2,0.000061,0,0,0
node,node,,1,6,5,0.278902,0.286577,0,2,0.000061,0,0,0
Divigations,Divigations,,2,10,5,0.293343,0.303516,0.233082,2,0.000071,0,0,0
TheAtlantic,TheAtlantic,,4,24,4,0.297448,0.308451,0.969175,2,0.000093,0,0.5,3
onthegrid,onthegrid,,1,6,5,0.284315,0.292856,0,2,0.000058,0,0,0
BusinessHub,BusinessHub,,3,15,5,0.297013,0.308385,1.971537,2,0.000089,0,0.333333,1
TrumpGov,TrumpGov,,2,12,5,0.294512,0.305463,0.089768,2,0.000068,0,0,0
Ubuntu,Ubuntu,,3,73,5,0.290773,0.301133,3.632535,2,0.000094,0,0.666667,2
CanadianBroadband,CanadianBroadband,,1,5,5,0.279453,0.286972,0,2,0.000059,0,0,0
WallStreetbetsELITE,WallStreetbetsELITE,,3,25,4,0.309862,0.322494,0.081631,2,0.000091,0,0.666667,2
paleolibertarian,paleolibertarian,,4,36,4,0.29263,0.30348,4.364518,2,0.000097,0,0.166667,1
electricvehicles,electricvehicles,,5,52,5,0.312242,0.326322,5.640712,2,0.00011,0,0.3,3
hungary,hungary,,1,5,5,0.29887,0.309153,0,2,0.000059,0,0,0
YUROP,YUROP,,1,9,5,0.29887,0.309153,0,2,0.000059,0,0,0
Romania,Romania,,1,5,5,0.29887,0.309153,0,2,0.000059,0,0,0
HistoryMemes,HistoryMemes,,1,9,5,0.29887,0.309153,0,2,0.000059,0,0,0
norge,norge,,1,7,5,0.29887,0.309153,0,2,0.000059,0,0,0
Denmark,Denmark,,1,5,5,0.29887,0.309153,0,2,0.000059,0,0,0
Suomi,Suomi,,1,8,5,0.29887,0.309153,0,2,0.000059,0,0,0
Finland,Finland,,1,8,5,0.29887,0.309153,0,2,0.000059,0,0,0
finlandConspiracy,finlandConspiracy,,1,5,5,0.29887,0.309153,0,2,0.000059,0,0,0
Austria,Austria,,1,6,5,0.29887,0.309153,0,2,0.000059,0,0,0
tutanota,tutanota,,1,6,5,0.279598,0.287854,0,2,0.000061,0,0,0
eu,eu,,1,5,5,0.279598,0.287854,0,2,0.000061,0,0,0
eutech,eutech,,1,6,5,0.279598,0.287854,0,2,0.000061,0,0,0
eupolitics,eupolitics,,1,5,5,0.279598,0.287854,0,2,0.000061,0,0,0
gdpr,gdpr,,1,19,5,0.279598,0.287854,0,2,0.000061,0,0,0
DevelEire,DevelEire,,1,5,5,0.279598,0.287854,0,2,0.000061,0,0,0
europeanparliament,europeanparliament,,1,10,5,0.279598,0.287854,0,2,0.000061,0,0,0
openrightsgroup,openrightsgroup,,2,13,5,0.288145,0.297801,0,2,0.000074,0,1,1
saveourmemes,saveourmemes,,1,5,5,0.279598,0.287854,0,2,0.000061,0,0,0
fightarticle13,fightarticle13,,2,10,5,0.298403,0.310153,0,2,0.000077,0,1,1
privacyanddata,privacyanddata,,1,5,5,0.279598,0.287854,0,2,0.000061,0,0,0
LibDem,LibDem,,3,24,5,0.300055,0.311562,0,2,0.000087,0,1,3
BrowserWar,BrowserWar,,1,16,5,0.263833,0.269793,0,2,0.000062,0,0,0
mozilla,mozilla,,1,5,5,0.263833,0.269793,0,2,0.000062,0,0,0
journalduhacker,journalduhacker,,3,22,5,0.299724,0.311793,6.268712,2,0.000095,0,0.666667,2
ImagesOfFrance,ImagesOfFrance,,1,22,5,0.28789,0.296146,0,2,0.000057,0,0,0
freedomearth,freedomearth,,1,9,5,0.285363,0.294116,0,2,0.000059,0,0,0
AppliedDigitalEthics,AppliedDigitalEthics,,2,11,5,0.287991,0.297489,0,2,0.000073,0,1,1
Tuake,Tuake,,2,14,5,0.287991,0.297489,0,2,0.000073,0,1,1
NSL,NSL,,3,22,4,0.297421,0.308426,0.435794,2,0.000089,0,0.666667,2
Futurism,Futurism,,2,12,5,0.302624,0.314817,0.233152,2,0.000072,0,0,0
transhumanism,transhumanism,,2,16,5,0.30659,0.318686,0,2,0.000073,0,1,1
TheOnion,TheOnion,,2,22,4,0.297829,0.308861,0,2,0.000069,0,1,1
CheckYourJohnson,CheckYourJohnson,,1,15,5,0.266907,0.27235,0,2,0.000061,0,0,0
RepublicansForJohnson,RepublicansForJohnson,,1,6,5,0.266907,0.27235,0,2,0.000061,0,0,0
bodybuilding,bodybuilding,,1,5,5,0.266907,0.27235,0,2,0.000061,0,0,0
softwaregore,softwaregore,,1,8,5,0.273945,0.280899,0,2,0.000059,0,0,0
freeculture,freeculture,,3,18,5,0.293105,0.30408,3.632535,2,0.000097,0,0.666667,2
onions,onions,,5,97,5,0.299806,0.31146,7.338112,2,0.000115,0,0.2,2
Rad_Decentralization,Rad_Decentralization,,3,26,5,0.301614,0.314202,11.279143,2,0.000094,0,0.333333,1
undergroundbound,undergroundbound,,1,5,5,0.285038,0.293548,0,2,0.000061,0,0,0
anarcho_hackers,anarcho_hackers,,1,27,5,0.285038,0.293548,0,2,0.000061,0,0,0
darknetplan,darknetplan,,3,26,5,0.294672,0.305233,0.530995,2,0.000086,0,0.333333,1
BrowseMyReddit,BrowseMyReddit,,1,9,5,0.285038,0.293548,0,2,0.000061,0,0,0
Freedombox,Freedombox,,1,6,5,0.285038,0.293548,0,2,0.000061,0,0,0
gnu,gnu,,1,25,5,0.285038,0.293548,0,2,0.000061,0,0,0
librelife,librelife,,1,6,5,0.285038,0.293548,0,2,0.000061,0,0,0
MrRobot,MrRobot,,1,5,5,0.285038,0.293548,0,2,0.000061,0,0,0
mattslinks,mattslinks,,2,15,4,0.321312,0.333487,0.94973,2,0.000073,0,0,0
hnzh,hnzh,,1,7,4,0.30778,0.319316,0,2,0.000058,0,0,0
REBubble,REBubble,,1,5,4,0.30778,0.319316,0,2,0.000058,0,0,0
twitter_bot,twitter_bot,,5,58,4,0.323357,0.335896,3.248694,2,0.000112,0,0.4,4
myhackernews,myhackernews,,1,7,5,0.277002,0.284435,0,2,0.000059,0,0,0
HackWareNews,HackWareNews,,1,5,5,0.277002,0.284435,0,2,0.000059,0,0,0
masterhacker,masterhacker,,1,12,5,0.277002,0.284435,0,2,0.000059,0,0,0
SchneierOnSecurity,SchneierOnSecurity,,1,5,5,0.266536,0.272658,0,2,0.000061,0,0,0
CyberSecurityFans,CyberSecurityFans,,1,28,5,0.266536,0.272658,0,2,0.000061,0,0,0
N_N_N,N_N_N,,2,12,5,0.296878,0.307739,1.459789,2,0.000074,0,0,0
tories,tories,,4,45,5,0.307605,0.319839,8.654342,2,0.000099,0,0.333333,2
britposting,britposting,,6,52,5,0.312452,0.325246,37.598689,2,0.000127,0,0.2,3
northernireland,northernireland,,3,29,5,0.297122,0.307898,3.988283,2,0.000087,0,0.333333,1
Ukpoliticsmf,Ukpoliticsmf,,4,76,5,0.307605,0.319839,8.654342,2,0.000099,0,0.333333,2
EuropeanArmy,EuropeanArmy,,1,6,5,0.280007,0.287997,0,2,0.000064,0,0,0
navy,navy,,1,5,5,0.280007,0.287997,0,2,0.000064,0,0,0
WarshipPorn,WarshipPorn,,1,10,5,0.280007,0.287997,0,2,0.000064,0,0,0
taiwanindependence,taiwanindependence,,1,11,5,0.280007,0.287997,0,2,0.000064,0,0,0
MilitaryProcurement,MilitaryProcurement,,1,9,5,0.280007,0.287997,0,2,0.000064,0,0,0
AirForce,AirForce,,1,5,5,0.280007,0.287997,0,2,0.000064,0,0,0
nato,nato,,1,10,5,0.280007,0.287997,0,2,0.000064,0,0,0
MilitaryPorn,MilitaryPorn,,1,8,5,0.280007,0.287997,0,2,0.000064,0,0,0
NonCredibleDefense,NonCredibleDefense,,1,14,5,0.280007,0.287997,0,2,0.000064,0,0,0
F35Lightning,F35Lightning,,1,5,5,0.280007,0.287997,0,2,0.000064,0,0,0
Asean,Asean,,1,5,5,0.280007,0.287997,0,2,0.000064,0,0,0
Ratline,Ratline,,1,7,5,0.280007,0.287997,0,2,0.000064,0,0,0
futuristparty,futuristparty,,1,5,5,0.276578,0.283943,0,2,0.00006,0,0,0
Fredogkonflikt,Fredogkonflikt,,1,7,5,0.276578,0.283943,0,2,0.00006,0,0,0
ConspiracyUpdate,ConspiracyUpdate,,1,5,5,0.276578,0.283943,0,2,0.00006,0,0,0
LinuxCirclejerk,LinuxCirclejerk,,1,5,5,0.27376,0.281294,0,2,0.000064,0,0,0
AMD_Stock,AMD_Stock,,1,6,5,0.27376,0.281294,0,2,0.000064,0,0,0
coolguides,coolguides,,2,14,5,0.287737,0.297443,14.221176,2,0.000082,0,0,0
OSTechNix,OSTechNix,,2,21,5,0.288145,0.298365,3.908443,2,0.000078,0,0,0
youtubedl,youtubedl,,1,5,5,0.27376,0.281294,0,2,0.000064,0,0,0
LinusTechTips,LinusTechTips,,1,8,5,0.27376,0.281294,0,2,0.000064,0,0,0
emulation,emulation,,2,10,5,0.295717,0.306719,6.515924,2,0.000079,0,0,0
raspberry_pi,raspberry_pi,,1,5,5,0.27376,0.281294,0,2,0.000064,0,0,0
Infogalactic,Infogalactic,,2,10,5,0.288145,0.298365,3.908443,2,0.000078,0,0,0
Amd,Amd,,5,44,5,0.311435,0.325349,32.529688,2,0.000125,0,0.1,1
steamdeals,steamdeals,,2,17,5,0.285764,0.295239,3.632535,2,0.000082,0,0,0
vulkan,vulkan,,3,39,5,0.29658,0.307513,5.772955,2,0.000095,0,0,0
civ,civ,,1,9,5,0.27376,0.281294,0,2,0.000064,0,0,0
kde,kde,,1,12,5,0.281047,0.289268,0,2,0.000064,0,0,0
TheAmpHour,TheAmpHour,,4,27,5,0.299172,0.311229,7.644872,2,0.000106,0,0.5,3
deadlydiseases,deadlydiseases,,5,36,5,0.308363,0.320762,3.772628,2,0.000114,0,0.5,5
zfs,zfs,,1,5,5,0.281047,0.289268,0,2,0.000064,0,0,0
ting,ting,,1,14,5,0.281047,0.289268,0,2,0.000064,0,0,0
ubuntufr,ubuntufr,,1,6,5,0.281047,0.289268,0,2,0.000064,0,0,0
getaether,getaether,,1,8,5,0.281047,0.289268,0,2,0.000064,0,0,0
kickstarter,kickstarter,,4,27,5,0.314173,0.326937,17.491354,2,0.000106,0,0.166667,1
software,software,,2,11,5,0.290331,0.300287,3.019747,2,0.000078,0,0,0
Gentoo,Gentoo,,1,18,5,0.281047,0.289268,0,2,0.000064,0,0,0
torchsecuritynet,torchsecuritynet,,1,10,5,0.281047,0.289268,0,2,0.000064,0,0,0
software_ja,software_ja,,1,7,5,0.281047,0.289268,0,2,0.000064,0,0,0
Jolla,Jolla,,1,23,5,0.281047,0.289268,0,2,0.000064,0,0,0
Borderlands2,Borderlands2,,1,7,5,0.281047,0.289268,0,2,0.000064,0,0,0
linuxmemes,linuxmemes,,1,17,5,0.263107,0.268389,0,2,0.000063,0,0,0
FrontPage,FrontPage,,1,6,5,0.286142,0.294926,0,2,0.000059,0,0,0
thinkology,thinkology,,1,5,5,0.286142,0.294926,0,2,0.000059,0,0,0
PoliticalModeration,PoliticalModeration,,2,13,5,0.289247,0.29858,0,2,0.000074,0,1,1
PanicHistory,PanicHistory,,1,17,5,0.286142,0.294926,0,2,0.000059,0,0,0
moonero,moonero,,1,8,5,0.261205,0.266267,0,2,0.000069,0,0,0
crypto_uncensored,crypto_uncensored,,1,5,5,0.261205,0.266267,0,2,0.000069,0,0,0
MoneroMining,MoneroMining,,1,8,5,0.261205,0.266267,0,2,0.000069,0,0,0
xmrtrader,xmrtrader,,1,14,5,0.261205,0.266267,0,2,0.000069,0,0,0
noip,noip,,1,9,5,0.281437,0.289068,0,2,0.000059,0,0,0
aaronswartz,aaronswartz,,5,52,4,0.304067,0.315344,4.177424,2,0.00011,0,0.2,2
Open_Access_tracking,Open_Access_tracking,,2,12,5,0.296067,0.306206,0,2,0.000071,0,1,1
NoSuchAgency,NoSuchAgency,,1,5,5,0.283053,0.291318,0,2,0.000059,0,0,0
BTCNews,BTCNews,,1,9,5,0.283053,0.291318,0,2,0.000059,0,0,0
MachineLearning,MachineLearning,,2,10,5,0.301055,0.312459,2.194147,2,0.000075,0,0,0
robotics,robotics,,2,24,5,0.301055,0.312459,2.194147,2,0.000075,0,0,0
wikinews,wikinews,,2,12,4,0.321853,0.333538,0.048399,2,0.000068,0,0,0
INTELLECTUALPROPERTY,INTELLECTUALPROPERTY,,4,23,5,0.301446,0.312843,1.16942,2,0.000099,0,0.5,3
PS4,PS4,,2,11,5,0.298979,0.309973,1.085301,2,0.000076,0,0,0
PrintingShop,PrintingShop,,1,6,5,0.289685,0.298698,0,2,0.000059,0,0,0
MapPorn,MapPorn,,2,13,5,0.297312,0.308282,9.401879,2,0.000077,0,0,0
shill,shill,,1,7,5,0.274338,0.280771,0,2,0.000061,0,0,0
The_Asylum,The_Asylum,,1,5,5,0.274338,0.280771,0,2,0.000061,0,0,0
MBMBAM,MBMBAM,,1,6,5,0.286798,0.296725,0,2,0.000058,0,0,0
CasualNotTheOnion,CasualNotTheOnion,,1,14,5,0.286798,0.296725,0,2,0.000058,0,0,0
peakcivilization,peakcivilization,,1,6,5,0.286798,0.296725,0,2,0.000058,0,0,0
ETCshow,ETCshow,,2,16,5,0.294592,0.305796,0.172594,2,0.000069,0,0,0
maybetheonion,maybetheonion,,2,26,5,0.297421,0.309025,0.263292,2,0.000069,0,0,0
thegooddata,thegooddata,,4,25,4,0.297639,0.308682,0.803591,2,0.000096,0,0.333333,2
telseccompolicy,telseccompolicy,,3,21,4,0.295556,0.306145,0.270315,2,0.000083,0,0.333333,1
netzpolitik,netzpolitik,,1,5,5,0.275407,0.282313,0,2,0.000058,0,0,0
frogpants,frogpants,,1,5,5,0.286747,0.295931,0,2,0.000057,0,0,0
LosMemesDelTempla,LosMemesDelTempla,,1,5,5,0.276108,0.283379,0,2,0.00006,0,0,0
Polit,Polit,,2,33,5,0.290617,0.300369,0.425701,2,0.000071,0,0,0
Update,Update,,1,8,5,0.282292,0.290585,0,2,0.000058,0,0,0
finreviewz,finreviewz,,3,93,4,0.29518,0.305504,1.032755,2,0.000084,0,0.333333,1
statehousenews,statehousenews,,1,9,5,0.282292,0.290585,0,2,0.000058,0,0,0
healthcare,healthcare,,1,5,5,0.282292,0.290585,0,2,0.000058,0,0,0
benswann,benswann,,1,9,5,0.279118,0.286475,0,2,0.000058,0,0,0
Teknology,Teknology,,3,28,5,0.294752,0.305284,0.262295,2,0.000085,0,0.666667,2
BoomBrusher,BoomBrusher,,1,5,5,0.285063,0.293691,0,2,0.000059,0,0,0
OverlyAwesome,OverlyAwesome,,3,27,5,0.293608,0.304054,1.435754,2,0.000086,0,0.333333,1
NakedSecurity,NakedSecurity,,1,7,5,0.29604,0.306463,0,2,0.000058,0,0,0
Macrumors,Macrumors,,1,5,5,0.29604,0.306463,0,2,0.000058,0,0,0
DocuJunkies,DocuJunkies,,1,5,5,0.281998,0.290575,0,2,0.00006,0,0,0
TheSocialDilemma,TheSocialDilemma,,1,5,5,0.281998,0.290575,0,2,0.00006,0,0,0
OKIWEIRDSTORIES,OKIWEIRDSTORIES,,1,5,5,0.281998,0.290575,0,2,0.00006,0,0,0
TruckStopBathroom,TruckStopBathroom,,1,5,5,0.281998,0.290575,0,2,0.00006,0,0,0
WatchandLearn,WatchandLearn,,1,5,5,0.281998,0.290575,0,2,0.00006,0,0,0
LinuxCafe,LinuxCafe,,1,5,5,0.281998,0.290575,0,2,0.00006,0,0,0
yrc,yrc,,3,17,5,0.29329,0.303311,0.460355,2,0.000085,0,0.333333,1
TrueWorldNews,TrueWorldNews,,1,7,5,0.284092,0.293009,0,2,0.000057,0,0,0
StandwithRand,StandwithRand,,1,22,5,0.267853,0.273047,0,2,0.00006,0,0,0
EnoughPaulSpam,EnoughPaulSpam,,2,16,5,0.273553,0.280222,0,2,0.000074,0,1,1
xkcd,xkcd,,2,13,5,0.289969,0.299672,0.845213,2,0.000075,0,0,0
london,london,,2,18,5,0.295609,0.30595,0,2,0.000071,0,1,1
JusticePorn,JusticePorn,,1,13,5,0.279381,0.287064,0,2,0.000059,0,0,0
aws,aws,,1,5,5,0.283127,0.292036,0,2,0.000058,0,0,0
theinternetofshit,theinternetofshit,,1,5,5,0.283127,0.292036,0,2,0.000058,0,0,0
InternetAccess,InternetAccess,,2,11,5,0.295609,0.306668,0.187842,2,0.00007,0,0,0
cyberpunkgame,cyberpunkgame,,2,11,4,0.29221,0.303019,0.469746,2,0.000069,0,0,0
AntiWhitePrejudice,AntiWhitePrejudice,,1,11,4,0.286444,0.295126,0,2,0.000058,0,0,0
Paul,Paul,,1,11,5,0.269294,0.274949,0,2,0.000061,0,0,0
xboxone,xboxone,,2,20,5,0.292604,0.303106,0,2,0.000077,0,1,1
gamernews,gamernews,,1,5,5,0.289943,0.299774,0,2,0.000063,0,0,0
GoatSimulator,GoatSimulator,,1,9,5,0.289943,0.299774,0,2,0.000063,0,0,0
MLPLounge,MLPLounge,,1,6,5,0.289943,0.299774,0,2,0.000063,0,0,0
RRKidzBackers,RRKidzBackers,,1,5,5,0.289943,0.299774,0,2,0.000063,0,0,0
financialindependence,financialindependence,,1,17,5,0.289943,0.299774,0,2,0.000063,0,0,0
fo4,fo4,,1,14,5,0.289943,0.299774,0,2,0.000063,0,0,0
web_design,web_design,,1,5,5,0.289943,0.299774,0,2,0.000063,0,0,0
halo,halo,,1,20,5,0.289943,0.299774,0,2,0.000063,0,0,0
Frugal,Frugal,,1,14,5,0.289943,0.299774,0,2,0.000063,0,0,0
Fallout,Fallout,,1,23,5,0.289943,0.299774,0,2,0.000063,0,0,0
git,git,,1,13,5,0.289943,0.299774,0,2,0.000063,0,0,0
serialpodcast,serialpodcast,,1,33,5,0.289943,0.299774,0,2,0.000063,0,0,0
PUBGXboxOne,PUBGXboxOne,,1,6,5,0.289943,0.299774,0,2,0.000063,0,0,0
Smite,Smite,,1,5,5,0.289943,0.299774,0,2,0.000063,0,0,0
MaddenUltimateTeam,MaddenUltimateTeam,,1,6,5,0.289943,0.299774,0,2,0.000063,0,0,0
FIFA,FIFA,,1,6,5,0.289943,0.299774,0,2,0.000063,0,0,0
blackops3,blackops3,,1,5,5,0.289943,0.299774,0,2,0.000063,0,0,0
CutCBC,CutCBC,,1,5,5,0.289943,0.299774,0,2,0.000063,0,0,0
News_Automotive,News_Automotive,,1,5,5,0.282047,0.290088,0,2,0.000059,0,0,0
PowerlessGamingNews,PowerlessGamingNews,,1,17,5,0.282047,0.290088,0,2,0.000059,0,0,0
News_Semiconductor,News_Semiconductor,,1,5,5,0.282047,0.290088,0,2,0.000059,0,0,0
madlads,madlads,,1,5,5,0.280007,0.287577,0,2,0.000063,0,0,0
ActLikeYouBelong,ActLikeYouBelong,,1,15,5,0.280007,0.287577,0,2,0.000063,0,0,0
realsocialengineering,realsocialengineering,,1,12,5,0.280007,0.287577,0,2,0.000063,0,0,0
seduction,seduction,,1,6,5,0.280007,0.287577,0,2,0.000063,0,0,0
socialskills,socialskills,,1,5,5,0.280007,0.287577,0,2,0.000063,0,0,0
INTP,INTP,,1,6,5,0.280007,0.287577,0,2,0.000063,0,0,0
cogsci,cogsci,,1,5,5,0.280007,0.287577,0,2,0.000063,0,0,0
PersuasionExperts,PersuasionExperts,,1,6,5,0.280007,0.287577,0,2,0.000063,0,0,0
ZenHabits,ZenHabits,,1,18,5,0.280007,0.287577,0,2,0.000063,0,0,0
howtonotgiveafuck,howtonotgiveafuck,,1,9,5,0.280007,0.287577,0,2,0.000063,0,0,0
manprovement,manprovement,,1,8,5,0.280007,0.287577,0,2,0.000063,0,0,0
TPPKappa,TPPKappa,,1,6,5,0.288605,0.297084,0,2,0.000059,0,0,0
computers,computers,,1,5,5,0.288605,0.297084,0,2,0.000059,0,0,0
ScienceImages,ScienceImages,,1,7,5,0.277002,0.28444,0,2,0.00006,0,0,0
NatureIsFuckingLit,NatureIsFuckingLit,,2,11,4,0.294672,0.304505,1.567168,2,0.000071,0,0,0
spaceporn,spaceporn,,1,6,5,0.277002,0.28444,0,2,0.00006,0,0,0
CLOV,CLOV,,1,5,5,0.271475,0.277675,0,2,0.00007,0,0,0
AMCSTOCKS,AMCSTOCKS,,1,8,5,0.271475,0.277675,0,2,0.00007,0,0,0
GMEmoons,GMEmoons,,1,5,5,0.271475,0.277675,0,2,0.00007,0,0,0
GMEJungle,GMEJungle,,1,17,5,0.271475,0.277675,0,2,0.00007,0,0,0
DDintoGME,DDintoGME,,1,5,5,0.271475,0.277675,0,2,0.00007,0,0,0
Spielstopp,Spielstopp,,1,11,5,0.271475,0.277675,0,2,0.00007,0,0,0
gme_meltdown,gme_meltdown,,1,12,5,0.271475,0.277675,0,2,0.00007,0,0,0
Wallstreetbetsnew,Wallstreetbetsnew,,1,5,5,0.271475,0.277675,0,2,0.00007,0,0,0
TheGloryHodl,TheGloryHodl,,1,6,5,0.271475,0.277675,0,2,0.00007,0,0,0
loopringorg,loopringorg,,1,11,5,0.271475,0.277675,0,2,0.00007,0,0,0
ImmutableX,ImmutableX,,1,5,5,0.271475,0.277675,0,2,0.00007,0,0,0
GMECanada,GMECanada,,1,6,5,0.271475,0.277675,0,2,0.00007,0,0,0
newsnerdsneed,newsnerdsneed,,1,7,4,0.285138,0.293922,0,2,0.000058,0,0,0
javascript,javascript,,2,14,5,0.301334,0.313382,3.931421,2,0.000076,0,0,0
SOLID,SOLID,,1,9,5,0.293105,0.303593,0,2,0.000061,0,0,0
archoncloud,archoncloud,,1,5,5,0.293105,0.303593,0,2,0.000061,0,0,0
TheRightSource,TheRightSource,,1,5,5,0.293105,0.303593,0,2,0.000061,0,0,0
reinforcementlearning,reinforcementlearning,,1,6,5,0.293105,0.303593,0,2,0.000061,0,0,0
PersonalRobots,PersonalRobots,,1,15,5,0.293105,0.303593,0,2,0.000061,0,0,0
AnkiVector,AnkiVector,,1,21,5,0.293105,0.303593,0,2,0.000061,0,0,0
robots,robots,,1,16,5,0.293105,0.303593,0,2,0.000061,0,0,0
Cozmo,Cozmo,,1,10,5,0.293105,0.303593,0,2,0.000061,0,0,0
planetemacs,planetemacs,,1,6,5,0.293105,0.303593,0,2,0.000061,0,0,0
MechanicalKeyboards,MechanicalKeyboards,,1,5,5,0.293105,0.303593,0,2,0.000061,0,0,0
AV1,AV1,,1,28,5,0.293105,0.303593,0,2,0.000061,0,0,0
androiddev,androiddev,,1,7,5,0.293105,0.303593,0,2,0.000061,0,0,0
nodered,nodered,,1,15,5,0.293105,0.303593,0,2,0.000061,0,0,0
applemaps,applemaps,,1,15,5,0.293105,0.303593,0,2,0.000061,0,0,0
BBCtech,BBCtech,,1,8,5,0.286142,0.295546,0,2,0.000058,0,0,0
technologyuncensored,technologyuncensored,,1,5,5,0.28794,0.296853,0,2,0.000059,0,0,0
TechUK,TechUK,,2,16,5,0.291085,0.300979,0.677837,2,0.000073,0,0,0
Astronomy,Astronomy,,1,5,5,0.28794,0.296853,0,2,0.000059,0,0,0
Physics,Physics,,1,6,5,0.28794,0.296853,0,2,0.000059,0,0,0
BetterBitcoin,BetterBitcoin,,2,11,5,0.292499,0.302593,0.549986,2,0.000073,0,0,0
CorporateSovereignty,CorporateSovereignty,,1,6,5,0.286874,0.295685,0,2,0.000059,0,0,0
Drumkits,Drumkits,,1,10,5,0.286874,0.295685,0,2,0.000059,0,0,0
CastRecordings,CastRecordings,,1,25,5,0.286874,0.295685,0,2,0.000059,0,0,0
BSD,BSD,,1,42,5,0.284142,0.292548,0,2,0.00006,0,0,0
bsdnow,bsdnow,,1,5,5,0.284142,0.292548,0,2,0.00006,0,0,0
freebsd,freebsd,,1,6,5,0.284142,0.292548,0,2,0.00006,0,0,0
xkcdfeed,xkcdfeed,,1,5,5,0.284142,0.292548,0,2,0.00006,0,0,0
ipv6,ipv6,,1,16,5,0.284142,0.292548,0,2,0.00006,0,0,0
impega,impega,,2,13,5,0.290669,0.300415,0.919594,2,0.000075,0,0,0
ChipCommunity,ChipCommunity,,1,9,5,0.283893,0.292318,0,2,0.00006,0,0,0
MST3K,MST3K,,1,52,5,0.283893,0.292318,0,2,0.00006,0,0,0
Lidless_Eye,Lidless_Eye,,1,5,5,0.283893,0.292318,0,2,0.00006,0,0,0
startrek,startrek,,1,10,5,0.283893,0.292318,0,2,0.00006,0,0,0
TheNews_Mirror,TheNews_Mirror,,1,14,5,0.289607,0.299288,0,2,0.00006,0,0,0
terrcin,terrcin,,1,5,5,0.289607,0.299288,0,2,0.00006,0,0,0
de_EDV,de_EDV,,1,5,5,0.289607,0.299288,0,2,0.00006,0,0,0
Agriculture,Agriculture,,1,5,5,0.289607,0.299288,0,2,0.00006,0,0,0
GMOBrigade,GMOBrigade,,1,5,5,0.289607,0.299288,0,2,0.00006,0,0,0
Stocks_Picks,Stocks_Picks,,1,5,5,0.289607,0.299288,0,2,0.00006,0,0,0
cpp,cpp,,1,7,5,0.289607,0.299288,0,2,0.00006,0,0,0
CoderRadio,CoderRadio,,1,5,5,0.289607,0.299288,0,2,0.00006,0,0,0
haikuOS,haikuOS,,1,65,5,0.289607,0.299288,0,2,0.00006,0,0,0
AlternativeOS,AlternativeOS,,1,5,5,0.289607,0.299288,0,2,0.00006,0,0,0
scifi,scifi,,1,13,5,0.281339,0.289407,0,2,0.00006,0,0,0
Marvel,Marvel,,1,10,5,0.281339,0.289407,0,2,0.00006,0,0,0
SciFiScroll,SciFiScroll,,1,6,5,0.281339,0.289407,0,2,0.00006,0,0,0
comicbookmovies,comicbookmovies,,1,5,5,0.281339,0.289407,0,2,0.00006,0,0,0
Manna,Manna,,1,5,5,0.284117,0.292707,0,2,0.000058,0,0,0
theabbie,theabbie,,1,5,5,0.289247,0.298775,0,2,0.000057,0,0,0
deapple,deapple,,1,5,5,0.276766,0.284312,0,2,0.000064,0,0,0
CryptoReality,CryptoReality,,1,7,5,0.276766,0.284312,0,2,0.000064,0,0,0
Lotuseaters_com,Lotuseaters_com,,1,5,5,0.276766,0.284312,0,2,0.000064,0,0,0
torrentfreak,torrentfreak,,1,6,5,0.276766,0.284312,0,2,0.000064,0,0,0
Cryptonewsworld,Cryptonewsworld,,1,5,5,0.276766,0.284312,0,2,0.000064,0,0,0
CryptoNewsandTalk,CryptoNewsandTalk,,1,6,5,0.276766,0.284312,0,2,0.000064,0,0,0
darknet,darknet,,1,13,5,0.277972,0.284886,0,2,0.000061,0,0,0
DeepDotWeb,DeepDotWeb,,2,20,5,0.288605,0.29775,1.078431,2,0.000075,0,0,0
deepweb,deepweb,,1,8,5,0.277972,0.284886,0,2,0.000061,0,0,0
tails,tails,,1,7,5,0.277972,0.284886,0,2,0.000061,0,0,0
PGHTRIBauto,PGHTRIBauto,,1,5,5,0.285915,0.294444,0,2,0.00006,0,0,0
GnuPG,GnuPG,,1,10,5,0.285915,0.294444,0,2,0.00006,0,0,0
openmedia,openmedia,,1,9,5,0.285915,0.294444,0,2,0.00006,0,0,0
emacs,emacs,,1,11,5,0.285915,0.294444,0,2,0.00006,0,0,0
coinmarketbag,coinmarketbag,,1,82,5,0.285915,0.294444,0,2,0.00006,0,0,0
CoinMarketDo,CoinMarketDo,,1,9,5,0.285915,0.294444,0,2,0.00006,0,0,0
notthethickofit,notthethickofit,,2,19,5,0.295341,0.305566,0,2,0.000072,0,1,1
ImagesOfEngland,ImagesOfEngland,,1,9,5,0.288349,0.297494,0,2,0.000059,0,0,0
badunitedkingdom,badunitedkingdom,,1,9,5,0.288349,0.297494,0,2,0.000059,0,0,0
UKPoliticalComedy,UKPoliticalComedy,,1,6,5,0.288349,0.297494,0,2,0.000059,0,0,0
politicalcartoons,politicalcartoons,,1,5,5,0.288349,0.297494,0,2,0.000059,0,0,0
brexitblunders,brexitblunders,,1,8,5,0.288349,0.297494,0,2,0.000059,0,0,0
tja,tja,,1,5,5,0.288349,0.297494,0,2,0.000059,0,0,0
ukfinance,ukfinance,,1,9,5,0.289478,0.298903,0,2,0.000059,0,0,0
Divisive_Babble,Divisive_Babble,,1,7,5,0.289478,0.298903,0,2,0.000059,0,0,0
CurrentEventsUK,CurrentEventsUK,,1,6,5,0.289478,0.298903,0,2,0.000059,0,0,0
bristol,bristol,,1,5,5,0.289478,0.298903,0,2,0.000059,0,0,0
rust,rust,,1,9,5,0.283819,0.292066,0,2,0.000058,0,0,0
CloudFlare,CloudFlare,,1,7,5,0.283819,0.292066,0,2,0.000058,0,0,0
